<?xml version = '1.0' encoding = 'UTF-8'?>
<FKArc class="oracle.dbtools.crest.model.design.relational.FKArc" directorySegmentName="seg_0" id="D977A461-1640-349C-4C95-1B8F90755A74" name="Arc_1">
<createdBy>Katherine</createdBy>
<createdTime>2025-09-12 23:28:40 UTC</createdTime>
<ownerDesignName>sumativarespaldo</ownerDesignName>
<mandatory>true</mandatory>
<reverseArc>true</reverseArc>
<table>B7E8102B-947D-42F9-79AE-F9CB61580D08</table>
<discriminatorColumn>E0A6E2E7-F4EE-DF95-50DE-F388E75509B8</discriminatorColumn>
<propertyMap>
<property name="CONVENIO" value="C"/>
<property name="EFECTIVO" value="E"/>
<property name="TARJETA" value="T"/>
</propertyMap>
<fkeys>
<fkeyID>643F3681-CA90-64D7-72C2-4911D7ED5129</fkeyID>
<fkeyID>03DBD839-C503-5AB5-9081-684653C9EDD2</fkeyID>
<fkeyID>5062DA97-9E99-A70A-C788-14F483EA65F5</fkeyID>
</fkeys>
</FKArc>
