<?xml version = '1.0' encoding = 'UTF-8'?>
<FKArc class="oracle.dbtools.crest.model.design.relational.FKArc" directorySegmentName="seg_0" id="EF1FE1A2-F274-08C0-57B5-E1E374F0721B" name="FKArc_1">
<createdBy>Katherine</createdBy>
<createdTime>2025-09-12 23:28:40 UTC</createdTime>
<ownerDesignName>sumativarespaldo</ownerDesignName>
<mandatory>false</mandatory>
<reverseArc>true</reverseArc>
<table>B7E8102B-947D-42F9-79AE-F9CB61580D08</table>
<discriminatorColumn>E0A6E2E7-F4EE-DF95-50DE-F388E75509B8</discriminatorColumn>
<fkeys>
<fkeyID>03DBD839-C503-5AB5-9081-684653C9EDD2</fkeyID>
<fkeyID>5062DA97-9E99-A70A-C788-14F483EA65F5</fkeyID>
<fkeyID>643F3681-CA90-64D7-72C2-4911D7ED5129</fkeyID>
</fkeys>
</FKArc>
