<?xml version = '1.0' encoding = 'UTF-8'?>
<Entity class="oracle.dbtools.crest.model.design.logical.Entity" directorySegmentName="seg_0" id="006C7F88-8B46-667E-66BA-04FF479174D9" name="VISA">
<createdBy>Katherine</createdBy>
<createdTime>2025-09-08 00:02:28 UTC</createdTime>
<ownerDesignName>formativas5</ownerDesignName>
<engineerTo>
<item key="62C4222E-1BD5-E93F-1563-1E899BCE2A3D" value="true"/>
</engineerTo>
<adequatelyNormalized>NO</adequatelyNormalized>
<expectedVolumes>0</expectedVolumes>
<fwdEngineeringStrategyName>Single Table</fwdEngineeringStrategyName>
<growthPercent>0</growthPercent>
<growthType>Year</growthType>
<maxVolumes>9999999</maxVolumes>
<minVolumes>0</minVolumes>
<normalForm>Third</normalForm>
<attributes itemClass="oracle.dbtools.crest.model.design.logical.Attribute">
<Attribute name="id_visa" id="709081F5-FFC2-0E35-255C-8A2C64B3DF91">
<createdBy>Katherine</createdBy>
<createdTime>2025-09-08 00:03:02 UTC</createdTime>
<ownerDesignName>formativas5</ownerDesignName>
<engineerTo>
<item key="62C4222E-1BD5-E93F-1563-1E899BCE2A3D" value="true"/>
</engineerTo>
<useDomainConstraints>false</useDomainConstraints>
<use>1</use>
<logicalDatatype>LOGDT024</logicalDatatype>
<dataTypeSize>13 CHAR</dataTypeSize>
<ownDataTypeParameters>13 CHAR,,</ownDataTypeParameters>
</Attribute>
<Attribute name="fecha" id="0C1477AD-B6BE-7338-0CE1-5900FAE8801F">
<createdBy>Katherine</createdBy>
<createdTime>2025-09-08 00:04:09 UTC</createdTime>
<ownerDesignName>formativas5</ownerDesignName>
<engineerTo>
<item key="62C4222E-1BD5-E93F-1563-1E899BCE2A3D" value="true"/>
</engineerTo>
<useDomainConstraints>false</useDomainConstraints>
<use>1</use>
<logicalDatatype>LOGDT007</logicalDatatype>
<ownDataTypeParameters>,,</ownDataTypeParameters>
</Attribute>
<Attribute name="id_postulacion" id="96B8D2F0-B2CD-EF99-CA86-CB9CAC90EA47">
<createdBy>Katherine</createdBy>
<createdTime>2025-09-08 22:52:28 UTC</createdTime>
<generatorID>BE93B674-9702-4906-180F-457A41621B9F</generatorID>
<ownerDesignName>formativas5</ownerDesignName>
<engineerTo>
<item key="62C4222E-1BD5-E93F-1563-1E899BCE2A3D" value="true"/>
</engineerTo>
<referedAttribute>89025772-9124-0771-21B8-C8292D208DAF</referedAttribute>
<useDomainConstraints>false</useDomainConstraints>
<use>1</use>
<logicalDatatype>LOGDT011</logicalDatatype>
<ownDataTypeParameters>,,</ownDataTypeParameters>
</Attribute>
</attributes>
<identifiers itemClass="oracle.dbtools.crest.model.design.logical.CandidateKey">
<identifier id="1A4C8200-17D7-CF34-D8DB-05FED3F77D18" name="VISA PK">
<createdBy>Katherine</createdBy>
<createdTime>2025-09-08 00:04:08 UTC</createdTime>
<ownerDesignName>formativas5</ownerDesignName>
<engineerTo>
<item key="62C4222E-1BD5-E93F-1563-1E899BCE2A3D" value="true"/>
</engineerTo>
<pk>true</pk>
<usedAttributes>
<attributeRef>709081F5-FFC2-0E35-255C-8A2C64B3DF91</attributeRef>
</usedAttributes>
</identifier>
</identifiers>
</Entity>
