<?xml version = '1.0' encoding = 'UTF-8'?>
<Entity class="oracle.dbtools.crest.model.design.logical.Entity" directorySegmentName="seg_0" id="0854563E-DA68-07EF-0E14-C18610593130" name="PROFESION_POSTULANTE">
<createdBy>Katherine</createdBy>
<createdTime>2025-09-08 21:29:43 UTC</createdTime>
<ownerDesignName>formativas5</ownerDesignName>
<engineerTo>
<item key="62C4222E-1BD5-E93F-1563-1E899BCE2A3D" value="true"/>
</engineerTo>
<adequatelyNormalized>NO</adequatelyNormalized>
<expectedVolumes>0</expectedVolumes>
<fwdEngineeringStrategyName>Single Table</fwdEngineeringStrategyName>
<growthPercent>0</growthPercent>
<growthType>Year</growthType>
<maxVolumes>9999999</maxVolumes>
<minVolumes>0</minVolumes>
<normalForm>Third</normalForm>
<attributes itemClass="oracle.dbtools.crest.model.design.logical.Attribute">
<Attribute name="fecha_obtencion" id="E2E61FEE-78C5-3E5C-6EF9-F592E2E9148A">
<createdBy>Katherine</createdBy>
<createdTime>2025-09-08 21:30:02 UTC</createdTime>
<ownerDesignName>formativas5</ownerDesignName>
<engineerTo>
<item key="62C4222E-1BD5-E93F-1563-1E899BCE2A3D" value="true"/>
</engineerTo>
<useDomainConstraints>false</useDomainConstraints>
<use>1</use>
<logicalDatatype>LOGDT007</logicalDatatype>
<ownDataTypeParameters>,,</ownDataTypeParameters>
</Attribute>
<Attribute name="id_postulante" id="92A7B865-AA92-2741-CDDD-918E60A35311">
<createdBy>Katherine</createdBy>
<createdTime>2025-09-08 21:33:32 UTC</createdTime>
<generatorID>F03907AA-8E21-989D-AECB-F2212232377B</generatorID>
<ownerDesignName>formativas5</ownerDesignName>
<engineerTo>
<item key="62C4222E-1BD5-E93F-1563-1E899BCE2A3D" value="true"/>
</engineerTo>
<referedAttribute>AF111D40-B676-A3A9-D2C4-DAA63721D2B4</referedAttribute>
<useDomainConstraints>false</useDomainConstraints>
<use>1</use>
<logicalDatatype>LOGDT011</logicalDatatype>
<ownDataTypeParameters>,,</ownDataTypeParameters>
</Attribute>
<Attribute name="id_profesion" id="589D66D9-D442-5529-6C6B-18C8F573ED55">
<createdBy>Katherine</createdBy>
<createdTime>2025-09-08 21:40:05 UTC</createdTime>
<generatorID>6457BEE1-49E8-CCED-87AB-30E3252A601F</generatorID>
<ownerDesignName>formativas5</ownerDesignName>
<engineerTo>
<item key="62C4222E-1BD5-E93F-1563-1E899BCE2A3D" value="true"/>
</engineerTo>
<referedAttribute>D3D57F39-B093-2ABA-4245-D9D29A512AB3</referedAttribute>
<useDomainConstraints>false</useDomainConstraints>
<use>1</use>
<logicalDatatype>LOGDT011</logicalDatatype>
<ownDataTypeParameters>,,</ownDataTypeParameters>
</Attribute>
</attributes>
<identifiers itemClass="oracle.dbtools.crest.model.design.logical.CandidateKey">
<identifier id="00E87331-9D79-B77F-650D-F513E2F71538" name="PROFESION_POSTULANTE PK">
<createdBy>Katherine</createdBy>
<createdTime>2025-09-08 21:33:32 UTC</createdTime>
<ownerDesignName>formativas5</ownerDesignName>
<engineerTo>
<item key="62C4222E-1BD5-E93F-1563-1E899BCE2A3D" value="true"/>
</engineerTo>
<pk>true</pk>
<usedAttributes>
<attributeRef>92A7B865-AA92-2741-CDDD-918E60A35311</attributeRef>
</usedAttributes>
</identifier>
</identifiers>
</Entity>
