<?xml version = '1.0' encoding = 'UTF-8'?>
<Entity class="oracle.dbtools.crest.model.design.logical.Entity" directorySegmentName="seg_0" id="5174704E-54CB-F897-BB32-127E82D33984" name="GRADO_ACADEMICO">
<createdBy>Katherine</createdBy>
<createdTime>2025-09-07 22:58:16 UTC</createdTime>
<ownerDesignName>formativas5</ownerDesignName>
<engineerTo>
<item key="62C4222E-1BD5-E93F-1563-1E899BCE2A3D" value="true"/>
</engineerTo>
<adequatelyNormalized>NO</adequatelyNormalized>
<expectedVolumes>0</expectedVolumes>
<fwdEngineeringStrategyName>Single Table</fwdEngineeringStrategyName>
<growthPercent>0</growthPercent>
<growthType>Year</growthType>
<maxVolumes>9999999</maxVolumes>
<minVolumes>0</minVolumes>
<normalForm>Third</normalForm>
<attributes itemClass="oracle.dbtools.crest.model.design.logical.Attribute">
<Attribute name="id_grado" id="08D9AB3B-773A-434A-BBB9-FADC8068F82B">
<createdBy>Katherine</createdBy>
<createdTime>2025-09-07 22:58:22 UTC</createdTime>
<ownerDesignName>formativas5</ownerDesignName>
<engineerTo>
<item key="62C4222E-1BD5-E93F-1563-1E899BCE2A3D" value="true"/>
</engineerTo>
<useDomainConstraints>false</useDomainConstraints>
<use>1</use>
<logicalDatatype>LOGDT011</logicalDatatype>
<ownDataTypeParameters>,,</ownDataTypeParameters>
</Attribute>
<Attribute name="grado" id="E7CEE20B-CDF0-DC88-0A46-C129B5017BC5">
<createdBy>Katherine</createdBy>
<createdTime>2025-09-07 22:58:38 UTC</createdTime>
<ownerDesignName>formativas5</ownerDesignName>
<engineerTo>
<item key="62C4222E-1BD5-E93F-1563-1E899BCE2A3D" value="true"/>
</engineerTo>
<useDomainConstraints>false</useDomainConstraints>
<use>1</use>
<logicalDatatype>LOGDT025</logicalDatatype>
<dataTypeSize>3 CHAR</dataTypeSize>
<ownDataTypeParameters>3 CHAR,,</ownDataTypeParameters>
</Attribute>
</attributes>
<identifiers itemClass="oracle.dbtools.crest.model.design.logical.CandidateKey">
<identifier id="169E569D-B5AA-5111-F781-609B06B13C3A" name="GRADO PK">
<createdBy>Katherine</createdBy>
<createdTime>2025-09-07 22:58:37 UTC</createdTime>
<ownerDesignName>formativas5</ownerDesignName>
<engineerTo>
<item key="62C4222E-1BD5-E93F-1563-1E899BCE2A3D" value="true"/>
</engineerTo>
<pk>true</pk>
<usedAttributes>
<attributeRef>08D9AB3B-773A-434A-BBB9-FADC8068F82B</attributeRef>
</usedAttributes>
</identifier>
</identifiers>
</Entity>
