<?xml version = '1.0' encoding = 'UTF-8'?>
<Entity class="oracle.dbtools.crest.model.design.logical.Entity" directorySegmentName="seg_0" id="602EF239-9D3B-5395-E995-8A7FAA54CA88" name="CUIDAD">
<createdBy>Katherine</createdBy>
<createdTime>2025-09-07 21:17:45 UTC</createdTime>
<ownerDesignName>formativas5</ownerDesignName>
<engineerTo>
<item key="62C4222E-1BD5-E93F-1563-1E899BCE2A3D" value="true"/>
</engineerTo>
<adequatelyNormalized>NO</adequatelyNormalized>
<expectedVolumes>0</expectedVolumes>
<fwdEngineeringStrategyName>Single Table</fwdEngineeringStrategyName>
<growthPercent>0</growthPercent>
<growthType>Year</growthType>
<maxVolumes>9999999</maxVolumes>
<minVolumes>0</minVolumes>
<normalForm>Third</normalForm>
<attributes itemClass="oracle.dbtools.crest.model.design.logical.Attribute">
<Attribute name="id_ciudad" id="8CB2689D-D091-C3D7-3263-6C2C3605F072">
<createdBy>Katherine</createdBy>
<createdTime>2025-09-07 23:31:20 UTC</createdTime>
<ownerDesignName>formativas5</ownerDesignName>
<engineerTo>
<item key="62C4222E-1BD5-E93F-1563-1E899BCE2A3D" value="true"/>
</engineerTo>
<useDomainConstraints>false</useDomainConstraints>
<use>1</use>
<logicalDatatype>LOGDT011</logicalDatatype>
<ownDataTypeParameters>,,</ownDataTypeParameters>
</Attribute>
<Attribute name="nombre" id="870682C3-E3FB-BBDC-58F2-5E55C94AAF0F">
<createdBy>Katherine</createdBy>
<createdTime>2025-09-07 23:31:32 UTC</createdTime>
<ownerDesignName>formativas5</ownerDesignName>
<engineerTo>
<item key="62C4222E-1BD5-E93F-1563-1E899BCE2A3D" value="true"/>
</engineerTo>
<useDomainConstraints>false</useDomainConstraints>
<use>1</use>
<logicalDatatype>LOGDT024</logicalDatatype>
<dataTypeSize>50 CHAR</dataTypeSize>
<ownDataTypeParameters>50 CHAR,,</ownDataTypeParameters>
</Attribute>
<Attribute name="id_pais" id="AA896E44-0FA9-4EB1-5FC6-8982009413FA">
<createdBy>Katherine</createdBy>
<createdTime>2025-09-08 01:45:13 UTC</createdTime>
<generatorID>CD5B6FC3-F31F-BD98-81B2-C0378D5859EB</generatorID>
<ownerDesignName>formativas5</ownerDesignName>
<engineerTo>
<item key="62C4222E-1BD5-E93F-1563-1E899BCE2A3D" value="true"/>
</engineerTo>
<referedAttribute>9F70F55F-AD9A-E470-AE43-AF42A3742B96</referedAttribute>
<useDomainConstraints>false</useDomainConstraints>
<use>1</use>
<logicalDatatype>LOGDT011</logicalDatatype>
<ownDataTypeParameters>,,</ownDataTypeParameters>
</Attribute>
</attributes>
<identifiers itemClass="oracle.dbtools.crest.model.design.logical.CandidateKey">
<identifier id="375F31BD-00E4-A423-F9CD-2E0729A5C8EF" name="CUIDAD PK">
<createdBy>Katherine</createdBy>
<createdTime>2025-09-07 23:31:31 UTC</createdTime>
<ownerDesignName>formativas5</ownerDesignName>
<engineerTo>
<item key="62C4222E-1BD5-E93F-1563-1E899BCE2A3D" value="true"/>
</engineerTo>
<pk>true</pk>
<usedAttributes>
<attributeRef>8CB2689D-D091-C3D7-3263-6C2C3605F072</attributeRef>
</usedAttributes>
</identifier>
</identifiers>
</Entity>