<?xml version = '1.0' encoding = 'UTF-8'?>
<Entity class="oracle.dbtools.crest.model.design.logical.Entity" directorySegmentName="seg_0" id="6D683092-DEBF-03E6-E535-E5CB030B85C5" name="IDIOMA_POSTULACION">
<createdBy>Katherine</createdBy>
<createdTime>2025-09-08 22:09:59 UTC</createdTime>
<ownerDesignName>formativas5</ownerDesignName>
<engineerTo>
<item key="62C4222E-1BD5-E93F-1563-1E899BCE2A3D" value="true"/>
</engineerTo>
<adequatelyNormalized>NO</adequatelyNormalized>
<expectedVolumes>0</expectedVolumes>
<fwdEngineeringStrategyName>Single Table</fwdEngineeringStrategyName>
<growthPercent>0</growthPercent>
<growthType>Year</growthType>
<maxVolumes>9999999</maxVolumes>
<minVolumes>0</minVolumes>
<normalForm>Third</normalForm>
<attributes itemClass="oracle.dbtools.crest.model.design.logical.Attribute">
<Attribute name="id_postulacion" id="93DE6A08-CFAF-3858-12AA-CD96A345E485">
<createdBy>Katherine</createdBy>
<createdTime>2025-09-08 22:11:55 UTC</createdTime>
<generatorID>6241E039-A1C9-1944-47F8-8332551E672C</generatorID>
<ownerDesignName>formativas5</ownerDesignName>
<engineerTo>
<item key="62C4222E-1BD5-E93F-1563-1E899BCE2A3D" value="true"/>
</engineerTo>
<referedAttribute>89025772-9124-0771-21B8-C8292D208DAF</referedAttribute>
<useDomainConstraints>false</useDomainConstraints>
<use>1</use>
<logicalDatatype>LOGDT011</logicalDatatype>
<ownDataTypeParameters>,,</ownDataTypeParameters>
</Attribute>
<Attribute name="id_nivel" id="F019B0F5-D492-E3DC-F540-C5C19CA7E2D6">
<createdBy>Katherine</createdBy>
<createdTime>2025-09-08 23:16:45 UTC</createdTime>
<generatorID>B3796E30-A28C-225A-3230-43BCEA36ADF4</generatorID>
<ownerDesignName>formativas5</ownerDesignName>
<engineerTo>
<item key="62C4222E-1BD5-E93F-1563-1E899BCE2A3D" value="true"/>
</engineerTo>
<referedAttribute>BB05AB20-1403-9C21-00DC-E38CBD3FD39F</referedAttribute>
<useDomainConstraints>false</useDomainConstraints>
<use>1</use>
<logicalDatatype>LOGDT025</logicalDatatype>
<dataTypeSize>2 CHAR</dataTypeSize>
<ownDataTypeParameters>,,</ownDataTypeParameters>
</Attribute>
</attributes>
<identifiers itemClass="oracle.dbtools.crest.model.design.logical.CandidateKey">
<identifier id="DA32EC81-A99A-EC0D-759A-709FD788438E" name="IDIOMA_POSTULACION PK">
<createdBy>Katherine</createdBy>
<createdTime>2025-09-08 22:17:45 UTC</createdTime>
<ownerDesignName>formativas5</ownerDesignName>
<engineerTo>
<item key="62C4222E-1BD5-E93F-1563-1E899BCE2A3D" value="true"/>
</engineerTo>
<pk>true</pk>
</identifier>
</identifiers>
</Entity>
