<?xml version = '1.0' encoding = 'UTF-8'?>
<Entity class="oracle.dbtools.crest.model.design.logical.Entity" directorySegmentName="seg_0" id="76A032D7-3E6C-5E7B-7FE3-48B955055FFB" name="NIVEL_DOMINIO">
<createdBy>Katherine</createdBy>
<createdTime>2025-09-08 22:05:27 UTC</createdTime>
<ownerDesignName>formativas5</ownerDesignName>
<engineerTo>
<item key="62C4222E-1BD5-E93F-1563-1E899BCE2A3D" value="true"/>
</engineerTo>
<adequatelyNormalized>NO</adequatelyNormalized>
<expectedVolumes>0</expectedVolumes>
<fwdEngineeringStrategyName>Single Table</fwdEngineeringStrategyName>
<growthPercent>0</growthPercent>
<growthType>Year</growthType>
<maxVolumes>9999999</maxVolumes>
<minVolumes>0</minVolumes>
<normalForm>Third</normalForm>
<attributes itemClass="oracle.dbtools.crest.model.design.logical.Attribute">
<Attribute name="id_nivel" id="BB05AB20-1403-9C21-00DC-E38CBD3FD39F">
<createdBy>Katherine</createdBy>
<createdTime>2025-09-08 22:05:52 UTC</createdTime>
<ownerDesignName>formativas5</ownerDesignName>
<engineerTo>
<item key="62C4222E-1BD5-E93F-1563-1E899BCE2A3D" value="true"/>
</engineerTo>
<useDomainConstraints>false</useDomainConstraints>
<use>1</use>
<logicalDatatype>LOGDT025</logicalDatatype>
<dataTypeSize>2 CHAR</dataTypeSize>
<ownDataTypeParameters>2 CHAR,,</ownDataTypeParameters>
</Attribute>
<Attribute name="nivel" id="6538779D-55EE-4296-37AD-5A33E622B2A9">
<createdBy>Katherine</createdBy>
<createdTime>2025-09-08 22:06:52 UTC</createdTime>
<ownerDesignName>formativas5</ownerDesignName>
<engineerTo>
<item key="62C4222E-1BD5-E93F-1563-1E899BCE2A3D" value="true"/>
</engineerTo>
<useDomainConstraints>false</useDomainConstraints>
<use>1</use>
<logicalDatatype>LOGDT024</logicalDatatype>
<dataTypeSize>10 CHAR</dataTypeSize>
<ownDataTypeParameters>10 CHAR,,</ownDataTypeParameters>
</Attribute>
<Attribute name="id_idioma" id="D3A52BF9-08D9-850C-DC37-DD60B0A440CA">
<createdBy>Katherine</createdBy>
<createdTime>2025-09-08 23:14:42 UTC</createdTime>
<generatorID>3744976A-958F-1D2E-6883-04ACDDD05671</generatorID>
<ownerDesignName>formativas5</ownerDesignName>
<engineerTo>
<item key="62C4222E-1BD5-E93F-1563-1E899BCE2A3D" value="true"/>
</engineerTo>
<referedAttribute>FAE5C265-217F-3DBA-799B-60B1D848CC79</referedAttribute>
<useDomainConstraints>false</useDomainConstraints>
<use>1</use>
<logicalDatatype>LOGDT011</logicalDatatype>
<ownDataTypeParameters>,,</ownDataTypeParameters>
</Attribute>
</attributes>
<identifiers itemClass="oracle.dbtools.crest.model.design.logical.CandidateKey">
<identifier id="FC345CEC-9E13-B6EB-C77C-E5C08692E014" name="NIVEL_DOMINIO PK">
<createdBy>Katherine</createdBy>
<createdTime>2025-09-08 22:06:50 UTC</createdTime>
<ownerDesignName>formativas5</ownerDesignName>
<engineerTo>
<item key="62C4222E-1BD5-E93F-1563-1E899BCE2A3D" value="true"/>
</engineerTo>
<pk>true</pk>
<usedAttributes>
<attributeRef>BB05AB20-1403-9C21-00DC-E38CBD3FD39F</attributeRef>
</usedAttributes>
</identifier>
</identifiers>
</Entity>
