<?xml version = '1.0' encoding = 'UTF-8'?>
<Entity class="oracle.dbtools.crest.model.design.logical.Entity" directorySegmentName="seg_0" id="999E3F6C-A70D-8C91-3146-0E18DA5D37B9" name="RESIDENCIA_CHILE">
<createdBy>Katherine</createdBy>
<createdTime>2025-09-07 21:20:59 UTC</createdTime>
<ownerDesignName>formativas5</ownerDesignName>
<engineerTo>
<item key="62C4222E-1BD5-E93F-1563-1E899BCE2A3D" value="true"/>
</engineerTo>
<adequatelyNormalized>NO</adequatelyNormalized>
<expectedVolumes>0</expectedVolumes>
<fwdEngineeringStrategyName>Single Table</fwdEngineeringStrategyName>
<growthPercent>0</growthPercent>
<growthType>Year</growthType>
<hierarchicalParent>A9E1EC8B-35B6-757A-21CE-8FC2F07204FD</hierarchicalParent>
<maxVolumes>9999999</maxVolumes>
<minVolumes>0</minVolumes>
<normalForm>Third</normalForm>
</Entity>