<?xml version = '1.0' encoding = 'UTF-8'?>
<Entity class="oracle.dbtools.crest.model.design.logical.Entity" directorySegmentName="seg_0" id="BBA5723F-54A2-4120-D9B0-6459EA4AF3EC" name="IDIOMA">
<createdBy>Katherine</createdBy>
<createdTime>2025-09-07 23:57:09 UTC</createdTime>
<ownerDesignName>formativas5</ownerDesignName>
<engineerTo>
<item key="62C4222E-1BD5-E93F-1563-1E899BCE2A3D" value="true"/>
</engineerTo>
<adequatelyNormalized>NO</adequatelyNormalized>
<expectedVolumes>0</expectedVolumes>
<fwdEngineeringStrategyName>Single Table</fwdEngineeringStrategyName>
<growthPercent>0</growthPercent>
<growthType>Year</growthType>
<maxVolumes>9999999</maxVolumes>
<minVolumes>0</minVolumes>
<normalForm>Third</normalForm>
<attributes itemClass="oracle.dbtools.crest.model.design.logical.Attribute">
<Attribute name="id_idioma" id="FAE5C265-217F-3DBA-799B-60B1D848CC79">
<createdBy>Katherine</createdBy>
<createdTime>2025-09-07 23:57:16 UTC</createdTime>
<ownerDesignName>formativas5</ownerDesignName>
<engineerTo>
<item key="62C4222E-1BD5-E93F-1563-1E899BCE2A3D" value="true"/>
</engineerTo>
<useDomainConstraints>false</useDomainConstraints>
<use>1</use>
<logicalDatatype>LOGDT011</logicalDatatype>
<ownDataTypeParameters>,,</ownDataTypeParameters>
</Attribute>
<Attribute name="nombre" id="62F4A3B5-364C-2B7B-EAFA-FE09D7295F55">
<createdBy>Katherine</createdBy>
<createdTime>2025-09-08 00:00:59 UTC</createdTime>
<ownerDesignName>formativas5</ownerDesignName>
<engineerTo>
<item key="62C4222E-1BD5-E93F-1563-1E899BCE2A3D" value="true"/>
</engineerTo>
<useDomainConstraints>false</useDomainConstraints>
<use>1</use>
<logicalDatatype>LOGDT024</logicalDatatype>
<dataTypeSize>50 CHAR</dataTypeSize>
<ownDataTypeParameters>50 CHAR,,</ownDataTypeParameters>
</Attribute>
</attributes>
<identifiers itemClass="oracle.dbtools.crest.model.design.logical.CandidateKey">
<identifier id="FABBC380-3B48-562E-45BE-6029BFA176BE" name="DOMINIO_IDIOMA PK">
<createdBy>Katherine</createdBy>
<createdTime>2025-09-07 23:57:30 UTC</createdTime>
<ownerDesignName>formativas5</ownerDesignName>
<engineerTo>
<item key="62C4222E-1BD5-E93F-1563-1E899BCE2A3D" value="true"/>
</engineerTo>
<pk>true</pk>
<usedAttributes>
<attributeRef>FAE5C265-217F-3DBA-799B-60B1D848CC79</attributeRef>
</usedAttributes>
</identifier>
</identifiers>
</Entity>
