<?xml version = '1.0' encoding = 'UTF-8'?>
<Entity class="oracle.dbtools.crest.model.design.logical.Entity" directorySegmentName="seg_0" id="FA48A1F3-EC99-44B8-CE99-404743F0BA61" name="GRADO_POSTULANTE">
<createdBy>Katherine</createdBy>
<createdTime>2025-09-08 01:18:39 UTC</createdTime>
<ownerDesignName>formativas5</ownerDesignName>
<engineerTo>
<item key="62C4222E-1BD5-E93F-1563-1E899BCE2A3D" value="true"/>
</engineerTo>
<adequatelyNormalized>NO</adequatelyNormalized>
<expectedVolumes>0</expectedVolumes>
<fwdEngineeringStrategyName>Single Table</fwdEngineeringStrategyName>
<growthPercent>0</growthPercent>
<growthType>Year</growthType>
<maxVolumes>9999999</maxVolumes>
<minVolumes>0</minVolumes>
<normalForm>Third</normalForm>
<attributes itemClass="oracle.dbtools.crest.model.design.logical.Attribute">
<Attribute name="id_postulante" id="B6307EEA-411C-4E85-8B0B-AB18CD7A12A9">
<createdBy>Katherine</createdBy>
<createdTime>2025-09-08 01:26:24 UTC</createdTime>
<generatorID>6ACF8F8C-8B60-40AB-BFBC-D07BC3E90C8B</generatorID>
<ownerDesignName>formativas5</ownerDesignName>
<engineerTo>
<item key="62C4222E-1BD5-E93F-1563-1E899BCE2A3D" value="true"/>
</engineerTo>
<referedAttribute>AF111D40-B676-A3A9-D2C4-DAA63721D2B4</referedAttribute>
<useDomainConstraints>false</useDomainConstraints>
<use>1</use>
<logicalDatatype>LOGDT011</logicalDatatype>
<ownDataTypeParameters>,,</ownDataTypeParameters>
</Attribute>
<Attribute name="id_grado" id="05C9476F-FB5E-6DA4-9EB7-0CE48C0BC555">
<createdBy>Katherine</createdBy>
<createdTime>2025-09-08 21:55:13 UTC</createdTime>
<generatorID>A08FAFEA-39A2-DEB2-C38C-A71DD022614A</generatorID>
<ownerDesignName>formativas5</ownerDesignName>
<engineerTo>
<item key="62C4222E-1BD5-E93F-1563-1E899BCE2A3D" value="true"/>
</engineerTo>
<referedAttribute>08D9AB3B-773A-434A-BBB9-FADC8068F82B</referedAttribute>
<useDomainConstraints>false</useDomainConstraints>
<use>1</use>
<logicalDatatype>LOGDT011</logicalDatatype>
<ownDataTypeParameters>,,</ownDataTypeParameters>
</Attribute>
</attributes>
<identifiers itemClass="oracle.dbtools.crest.model.design.logical.CandidateKey">
<identifier id="0A1B661D-8D1C-B147-0E9A-A7AD303CD581" name="GRADO_POSTULANTE PK">
<createdBy>Katherine</createdBy>
<createdTime>2025-09-08 01:26:24 UTC</createdTime>
<ownerDesignName>formativas5</ownerDesignName>
<engineerTo>
<item key="62C4222E-1BD5-E93F-1563-1E899BCE2A3D" value="true"/>
</engineerTo>
<pk>true</pk>
<usedAttributes>
<attributeRef>B6307EEA-411C-4E85-8B0B-AB18CD7A12A9</attributeRef>
</usedAttributes>
</identifier>
</identifiers>
</Entity>
