<?xml version = '1.0' encoding = 'UTF-8'?>
<relationalModel class="oracle.dbtools.crest.model.design.relational.RelationalDesign" name="Relational_1" id="9AEDA505-275E-9204-BBBD-5C296155D838" mainViewID="BFBB4D0D-109D-4FD5-2429-0A2C68CC3C9C">
<createdBy>Katherine</createdBy>
<createdTime>2025-09-01 18:00:29 UTC</createdTime>
<ownerDesignName>Exp1_S3_katherine_ibañez</ownerDesignName>
<shouldBeOpen>false</shouldBeOpen>
<selectedRDBMSSite>32076570-2523-435C-2E92-BF29817DFF70</selectedRDBMSSite>
</relationalModel>