<?xml version = '1.0' encoding = 'UTF-8'?>
<FKIndexAssociation class="oracle.dbtools.crest.model.design.relational.FKIndexAssociation" directorySegmentName="seg_0" id="03DBD839-C503-5AB5-9081-684653C9EDD2" containerWithKeyObject="3B3215CE-318D-C645-600F-04CE6A46D6FB" localFKIndex="D1F725C3-9B59-5C4C-A9A4-20EA7A6C5C74" name="FK_CONVENIO_PAGO_ATENCION">
<createdBy>Katherine</createdBy>
<createdTime>2025-09-12 23:28:40 UTC</createdTime>
<generatorID>6A10BAA2-C7AE-4C67-3D3E-D9A0663AF955</generatorID>
<ownerDesignName>sumativarespaldo</ownerDesignName>
<referredTableLongName>PAGO_ATENCION</referredTableLongName>
<arc>EF1FE1A2-F274-08C0-57B5-E1E374F0721B</arc>
<deleteRule>NO ACTION</deleteRule>
<referredTableID>B7E8102B-947D-42F9-79AE-F9CB61580D08</referredTableID>
<keyObject>331537AE-E553-7164-C03F-C1CEFB190C37</keyObject>
<referredKeyID>331537AE-E553-7164-C03F-C1CEFB190C37</referredKeyID>
<mandatory>true</mandatory>
<refColNames>id_pago</refColNames>
<transferable>true</transferable>
<rely>false</rely>
<discriminatorValue>C</discriminatorValue>
<columnDependencyConstraintGenerateInDDL>true</columnDependencyConstraintGenerateInDDL>
</FKIndexAssociation>
