<?xml version = '1.0' encoding = 'UTF-8'?>
<FKIndexAssociation class="oracle.dbtools.crest.model.design.relational.FKIndexAssociation" directorySegmentName="seg_0" id="0B998813-2A49-F5B1-25D0-0158FAAD61D2" containerWithKeyObject="33493A7D-DC05-BD23-0BAD-414E94E53CF9" localFKIndex="A3DEF7E8-EC8D-E993-A61F-3DD238BCE51A" name="FK_UNIDAD_DERIVACION">
<createdBy>Katherine</createdBy>
<createdTime>2025-09-12 23:28:40 UTC</createdTime>
<generatorID>7B10B713-E438-AC0C-90E7-D6EABC1A47CD</generatorID>
<ownerDesignName>sumativarespaldo</ownerDesignName>
<referredTableLongName>DERIVACION</referredTableLongName>
<deleteRule>NO ACTION</deleteRule>
<referredTableID>B0F7B8EF-8101-BA06-22F3-D44CE61EDB2F</referredTableID>
<keyObject>041CAEE6-3396-C898-4FBF-F8818D96C04D</keyObject>
<referredKeyID>041CAEE6-3396-C898-4FBF-F8818D96C04D</referredKeyID>
<mandatory>true</mandatory>
<refColNames>id_derivacion</refColNames>
<transferable>true</transferable>
<rely>false</rely>
<columnDependencyConstraintGenerateInDDL>true</columnDependencyConstraintGenerateInDDL>
</FKIndexAssociation>
