<?xml version = '1.0' encoding = 'UTF-8'?>
<FKIndexAssociation class="oracle.dbtools.crest.model.design.relational.FKIndexAssociation" directorySegmentName="seg_0" id="14C628E8-AD3C-F9F9-E52E-42B6D3E11933" containerWithKeyObject="D3E8E610-AC5F-6A12-5B31-C8ED7116BEF7" localFKIndex="8FA9154B-0C21-3185-382E-90BBBFB0E22E" name="FK_PACIEN_COMUNA">
<createdBy>Katherine</createdBy>
<createdTime>2025-09-12 23:28:40 UTC</createdTime>
<generatorID>A1E9E600-45F1-6A50-05E2-C592ED0A50BD</generatorID>
<ownerDesignName>sumativarespaldo</ownerDesignName>
<referredTableLongName>COMUNA</referredTableLongName>
<deleteRule>NO ACTION</deleteRule>
<referredTableID>DB5B7E58-E81F-3C45-FCB0-AFC18CBC94AD</referredTableID>
<keyObject>4AE99EEC-1B29-C0BB-DD66-C50B9AE85808</keyObject>
<referredKeyID>4AE99EEC-1B29-C0BB-DD66-C50B9AE85808</referredKeyID>
<mandatory>true</mandatory>
<refColNames>id_comuna</refColNames>
<transferable>true</transferable>
<rely>false</rely>
<columnDependencyConstraintGenerateInDDL>true</columnDependencyConstraintGenerateInDDL>
</FKIndexAssociation>
