<?xml version = '1.0' encoding = 'UTF-8'?>
<FKIndexAssociation class="oracle.dbtools.crest.model.design.relational.FKIndexAssociation" directorySegmentName="seg_0" id="2D9B30FA-B05B-54B8-775B-8CE441A0453B" containerWithKeyObject="33493A7D-DC05-BD23-0BAD-414E94E53CF9" localFKIndex="BBB38779-A771-3520-C07D-2F4EE9E493FD" name="FK_UNIDAD_ATENCION_MEDICA">
<createdBy>Katherine</createdBy>
<createdTime>2025-09-12 23:28:40 UTC</createdTime>
<generatorID>01CD3BF7-D8E5-9593-7EA9-320D5634EA6C</generatorID>
<ownerDesignName>sumativarespaldo</ownerDesignName>
<referredTableLongName>ATENCION_MEDICA</referredTableLongName>
<deleteRule>NO ACTION</deleteRule>
<referredTableID>D3984DC8-C63D-764D-C00C-46574950385A</referredTableID>
<keyObject>2A9F71E5-7558-F2AB-6AF5-49F5E21A8C26</keyObject>
<referredKeyID>2A9F71E5-7558-F2AB-6AF5-49F5E21A8C26</referredKeyID>
<mandatory>true</mandatory>
<refColNames>id_atencion</refColNames>
<transferable>true</transferable>
<rely>false</rely>
<columnDependencyConstraintGenerateInDDL>true</columnDependencyConstraintGenerateInDDL>
</FKIndexAssociation>
