<?xml version = '1.0' encoding = 'UTF-8'?>
<FKIndexAssociation class="oracle.dbtools.crest.model.design.relational.FKIndexAssociation" directorySegmentName="seg_0" id="424C7D58-40DF-9199-7454-E051A8F39F39" containerWithKeyObject="D3984DC8-C63D-764D-C00C-46574950385A" localFKIndex="E1C7C67F-B030-552A-9A61-1B9FCE1ECBE0" name="FK_ATENCION_MED_MOD">
<createdBy>Katherine</createdBy>
<createdTime>2025-09-12 23:28:40 UTC</createdTime>
<generatorID>0806B8AC-D682-5734-38EB-95F83357348A</generatorID>
<ownerDesignName>sumativarespaldo</ownerDesignName>
<referredTableLongName>MODALIDAD_ATENCION</referredTableLongName>
<deleteRule>NO ACTION</deleteRule>
<referredTableID>9DC9E2CE-B1E7-35A5-88B9-CE82C9272D29</referredTableID>
<keyObject>73CA236B-E145-5998-0BE3-67B1AEA8A65A</keyObject>
<referredKeyID>73CA236B-E145-5998-0BE3-67B1AEA8A65A</referredKeyID>
<mandatory>true</mandatory>
<refColNames>id_modalidad</refColNames>
<transferable>true</transferable>
<rely>false</rely>
<columnDependencyConstraintGenerateInDDL>true</columnDependencyConstraintGenerateInDDL>
</FKIndexAssociation>
