<?xml version = '1.0' encoding = 'UTF-8'?>
<FKIndexAssociation class="oracle.dbtools.crest.model.design.relational.FKIndexAssociation" directorySegmentName="seg_0" id="4423CD18-0CB7-D45A-B28F-1FA8E483289A" containerWithKeyObject="B0F7B8EF-8101-BA06-22F3-D44CE61EDB2F" localFKIndex="4AC307C1-9A07-B283-652C-BE7B98C4D0D1" name="FK_DERIVACION_MEDICO">
<createdBy>Katherine</createdBy>
<createdTime>2025-09-12 23:28:40 UTC</createdTime>
<generatorID>8E93DFE9-C40D-1498-2AB4-0922F402FDC5</generatorID>
<ownerDesignName>sumativarespaldo</ownerDesignName>
<referredTableLongName>MEDICO</referredTableLongName>
<deleteRule>NO ACTION</deleteRule>
<referredTableID>98B9A3DE-BB66-9FA8-16CA-06E296CF85F0</referredTableID>
<keyObject>BECF12E7-7DA7-0311-649C-C82BBD35F13F</keyObject>
<referredKeyID>BECF12E7-7DA7-0311-649C-C82BBD35F13F</referredKeyID>
<mandatory>true</mandatory>
<refColNames>id_medico</refColNames>
<transferable>true</transferable>
<rely>false</rely>
<columnDependencyConstraintGenerateInDDL>true</columnDependencyConstraintGenerateInDDL>
</FKIndexAssociation>
