<?xml version = '1.0' encoding = 'UTF-8'?>
<FKIndexAssociation class="oracle.dbtools.crest.model.design.relational.FKIndexAssociation" directorySegmentName="seg_0" id="4E6FD3B1-8065-BDEF-3475-66B3ECB2422C" containerWithKeyObject="D3984DC8-C63D-764D-C00C-46574950385A" localFKIndex="DCCEE8C0-9C58-ED38-13D2-524BFBD14A58" name="FK_ATENCION_MED_MEDICO">
<createdBy>Katherine</createdBy>
<createdTime>2025-09-12 23:28:40 UTC</createdTime>
<generatorID>2259A0D5-12BE-D61C-BB00-065988722C0B</generatorID>
<ownerDesignName>sumativarespaldo</ownerDesignName>
<referredTableLongName>MEDICO</referredTableLongName>
<deleteRule>NO ACTION</deleteRule>
<referredTableID>98B9A3DE-BB66-9FA8-16CA-06E296CF85F0</referredTableID>
<keyObject>BECF12E7-7DA7-0311-649C-C82BBD35F13F</keyObject>
<referredKeyID>BECF12E7-7DA7-0311-649C-C82BBD35F13F</referredKeyID>
<mandatory>true</mandatory>
<refColNames>id_medico</refColNames>
<transferable>true</transferable>
<rely>false</rely>
<columnDependencyConstraintGenerateInDDL>true</columnDependencyConstraintGenerateInDDL>
</FKIndexAssociation>
