<?xml version = '1.0' encoding = 'UTF-8'?>
<FKIndexAssociation class="oracle.dbtools.crest.model.design.relational.FKIndexAssociation" directorySegmentName="seg_0" id="5062DA97-9E99-A70A-C788-14F483EA65F5" containerWithKeyObject="BE6EE962-D11C-1FF9-51BB-8077E07FE004" localFKIndex="71F619A9-05D8-B9D0-4D46-E7832B58777A" name="FK_TARJETA_PAGO_ATENCION">
<createdBy>Katherine</createdBy>
<createdTime>2025-09-12 23:28:40 UTC</createdTime>
<generatorID>27F6E793-F474-F28E-6E35-0F23550EF68C</generatorID>
<ownerDesignName>sumativarespaldo</ownerDesignName>
<referredTableLongName>PAGO_ATENCION</referredTableLongName>
<arc>EF1FE1A2-F274-08C0-57B5-E1E374F0721B</arc>
<deleteRule>NO ACTION</deleteRule>
<referredTableID>B7E8102B-947D-42F9-79AE-F9CB61580D08</referredTableID>
<keyObject>331537AE-E553-7164-C03F-C1CEFB190C37</keyObject>
<referredKeyID>331537AE-E553-7164-C03F-C1CEFB190C37</referredKeyID>
<mandatory>true</mandatory>
<refColNames>id_pago</refColNames>
<transferable>true</transferable>
<rely>false</rely>
<discriminatorValue>T</discriminatorValue>
<columnDependencyConstraintGenerateInDDL>true</columnDependencyConstraintGenerateInDDL>
</FKIndexAssociation>
