<?xml version = '1.0' encoding = 'UTF-8'?>
<FKIndexAssociation class="oracle.dbtools.crest.model.design.relational.FKIndexAssociation" directorySegmentName="seg_0" id="52727E72-025A-BEC2-56EB-A8B79561BBA6" containerWithKeyObject="98B9A3DE-BB66-9FA8-16CA-06E296CF85F0" localFKIndex="AAD36576-6575-C8FC-1EF7-C9028E9BAB50" name="FK_MEDICO_SALUD">
<createdBy>Katherine</createdBy>
<createdTime>2025-09-12 23:28:40 UTC</createdTime>
<generatorID>9DEA10B1-CA34-A01D-A36E-BD6B08581D89</generatorID>
<ownerDesignName>sumativarespaldo</ownerDesignName>
<referredTableLongName>SALUD</referredTableLongName>
<deleteRule>NO ACTION</deleteRule>
<referredTableID>32DFCD66-B8E3-3142-E782-22927AACCC93</referredTableID>
<keyObject>E64FE05F-602E-179C-5EDE-0383F6BBD244</keyObject>
<referredKeyID>E64FE05F-602E-179C-5EDE-0383F6BBD244</referredKeyID>
<mandatory>true</mandatory>
<refColNames>id_salud</refColNames>
<transferable>true</transferable>
<rely>false</rely>
<columnDependencyConstraintGenerateInDDL>true</columnDependencyConstraintGenerateInDDL>
</FKIndexAssociation>
