<?xml version = '1.0' encoding = 'UTF-8'?>
<FKIndexAssociation class="oracle.dbtools.crest.model.design.relational.FKIndexAssociation" directorySegmentName="seg_0" id="5C5EEE7E-014E-D1A2-2641-2F528A85932B" containerWithKeyObject="98B9A3DE-BB66-9FA8-16CA-06E296CF85F0" localFKIndex="96C61D7A-2322-03CB-7119-CD68B880C714" name="FK_MEDICO_AFP">
<createdBy>Katherine</createdBy>
<createdTime>2025-09-12 23:28:40 UTC</createdTime>
<generatorID>F870F280-F149-B454-B2E0-56AFD7780AA7</generatorID>
<ownerDesignName>sumativarespaldo</ownerDesignName>
<referredTableLongName>AFP</referredTableLongName>
<deleteRule>NO ACTION</deleteRule>
<referredTableID>290B7A7C-3EBF-30AB-FA44-94E483D49309</referredTableID>
<keyObject>6EEA63F8-4D55-401F-DB00-66D95CDE2F3B</keyObject>
<referredKeyID>6EEA63F8-4D55-401F-DB00-66D95CDE2F3B</referredKeyID>
<mandatory>true</mandatory>
<refColNames>id_afp</refColNames>
<transferable>true</transferable>
<rely>false</rely>
<columnDependencyConstraintGenerateInDDL>true</columnDependencyConstraintGenerateInDDL>
</FKIndexAssociation>
