<?xml version = '1.0' encoding = 'UTF-8'?>
<FKIndexAssociation class="oracle.dbtools.crest.model.design.relational.FKIndexAssociation" directorySegmentName="seg_0" id="643F3681-CA90-64D7-72C2-4911D7ED5129" containerWithKeyObject="CC5193A3-BF63-624A-77B6-1EF2D8D46E18" localFKIndex="D37E43F9-943F-7397-3F18-81F896D956D6" name="FK_EFECTIVO_PAGO_ATENCION">
<createdBy>Katherine</createdBy>
<createdTime>2025-09-12 23:28:40 UTC</createdTime>
<generatorID>6592765E-0816-6CEE-960A-6C3230749F61</generatorID>
<ownerDesignName>sumativarespaldo</ownerDesignName>
<referredTableLongName>PAGO_ATENCION</referredTableLongName>
<arc>EF1FE1A2-F274-08C0-57B5-E1E374F0721B</arc>
<deleteRule>NO ACTION</deleteRule>
<referredTableID>B7E8102B-947D-42F9-79AE-F9CB61580D08</referredTableID>
<keyObject>331537AE-E553-7164-C03F-C1CEFB190C37</keyObject>
<referredKeyID>331537AE-E553-7164-C03F-C1CEFB190C37</referredKeyID>
<mandatory>true</mandatory>
<refColNames>id_pago</refColNames>
<transferable>true</transferable>
<rely>false</rely>
<discriminatorValue>E</discriminatorValue>
<columnDependencyConstraintGenerateInDDL>true</columnDependencyConstraintGenerateInDDL>
</FKIndexAssociation>
