<?xml version = '1.0' encoding = 'UTF-8'?>
<FKIndexAssociation class="oracle.dbtools.crest.model.design.relational.FKIndexAssociation" directorySegmentName="seg_0" id="65E206AD-956E-21B1-0FC2-3F7188A8732A" containerWithKeyObject="D3E8E610-AC5F-6A12-5B31-C8ED7116BEF7" localFKIndex="AFBD53A3-3B7B-B320-809D-B60A2A655DDA" name="FK_PACIEN_TIPO_US">
<createdBy>Katherine</createdBy>
<createdTime>2025-09-12 23:28:40 UTC</createdTime>
<generatorID>041B26AE-B563-A457-600A-18265A870371</generatorID>
<ownerDesignName>sumativarespaldo</ownerDesignName>
<referredTableLongName>TIPO_USUARIO</referredTableLongName>
<deleteRule>NO ACTION</deleteRule>
<referredTableID>F676DD0A-BD1B-8CFA-372F-7106A0EA8500</referredTableID>
<keyObject>248C47C3-602D-FFAD-A67A-A3B67D49C8B3</keyObject>
<referredKeyID>248C47C3-602D-FFAD-A67A-A3B67D49C8B3</referredKeyID>
<mandatory>true</mandatory>
<refColNames>id_usuario</refColNames>
<transferable>true</transferable>
<rely>false</rely>
<columnDependencyConstraintGenerateInDDL>true</columnDependencyConstraintGenerateInDDL>
</FKIndexAssociation>
