<?xml version = '1.0' encoding = 'UTF-8'?>
<FKIndexAssociation class="oracle.dbtools.crest.model.design.relational.FKIndexAssociation" directorySegmentName="seg_0" id="7A4739EE-1D47-78A6-1818-498B0F459383" containerWithKeyObject="98B9A3DE-BB66-9FA8-16CA-06E296CF85F0" localFKIndex="A1DA9D1D-59C5-D70A-95E3-3381735721E5" name="FK_MEDICO_ESPECIALIDAD">
<createdBy>Katherine</createdBy>
<createdTime>2025-09-12 23:28:40 UTC</createdTime>
<generatorID>A3593679-AE63-C686-C863-2BE8BD8C55F4</generatorID>
<ownerDesignName>sumativarespaldo</ownerDesignName>
<referredTableLongName>ESPECIALIDAD</referredTableLongName>
<deleteRule>NO ACTION</deleteRule>
<referredTableID>E8785718-3E85-B78C-DDE2-1AA8B7715EE3</referredTableID>
<keyObject>89B44574-9A7D-49FC-0B48-64BB7054E3A8</keyObject>
<referredKeyID>89B44574-9A7D-49FC-0B48-64BB7054E3A8</referredKeyID>
<mandatory>true</mandatory>
<refColNames>id_esp</refColNames>
<transferable>true</transferable>
<rely>false</rely>
<columnDependencyConstraintGenerateInDDL>true</columnDependencyConstraintGenerateInDDL>
</FKIndexAssociation>
