<?xml version = '1.0' encoding = 'UTF-8'?>
<FKIndexAssociation class="oracle.dbtools.crest.model.design.relational.FKIndexAssociation" directorySegmentName="seg_0" id="95C410A4-1920-4321-5549-40F86F5C861B" containerWithKeyObject="B7E8102B-947D-42F9-79AE-F9CB61580D08" localFKIndex="E0206C16-5FEE-C909-2C7F-68CA8DD9D6B0" name="FK_PAGO_ATEN_ATEN_MED">
<createdBy>Katherine</createdBy>
<createdTime>2025-09-12 23:28:40 UTC</createdTime>
<generatorID>DB2053F5-1892-E8AC-AEB0-8F6C80685AF7</generatorID>
<ownerDesignName>sumativarespaldo</ownerDesignName>
<referredTableLongName>ATENCION_MEDICA</referredTableLongName>
<deleteRule>NO ACTION</deleteRule>
<referredTableID>D3984DC8-C63D-764D-C00C-46574950385A</referredTableID>
<keyObject>2A9F71E5-7558-F2AB-6AF5-49F5E21A8C26</keyObject>
<referredKeyID>2A9F71E5-7558-F2AB-6AF5-49F5E21A8C26</referredKeyID>
<mandatory>true</mandatory>
<refColNames>id_atencion</refColNames>
<transferable>true</transferable>
<rely>false</rely>
<columnDependencyConstraintGenerateInDDL>true</columnDependencyConstraintGenerateInDDL>
</FKIndexAssociation>
