<?xml version = '1.0' encoding = 'UTF-8'?>
<FKIndexAssociation class="oracle.dbtools.crest.model.design.relational.FKIndexAssociation" directorySegmentName="seg_0" id="9B29C23E-C2E5-A40A-60A1-876A9EF61933" containerWithKeyObject="D3984DC8-C63D-764D-C00C-46574950385A" localFKIndex="2D783F3F-151F-7C6F-531C-B27952687A8D" name="FK_ATENCION_MED_TIPO_ATEN">
<createdBy>Katherine</createdBy>
<createdTime>2025-09-12 23:28:40 UTC</createdTime>
<generatorID>DA2CD7CD-5E22-CFAD-EC02-A61E7842C7F1</generatorID>
<ownerDesignName>sumativarespaldo</ownerDesignName>
<referredTableLongName>TIPO_ATENCION</referredTableLongName>
<deleteRule>NO ACTION</deleteRule>
<referredTableID>24E29AEB-C1BA-ACE9-B957-E30C5DE963FF</referredTableID>
<keyObject>FFB2A157-F6E9-BC3E-5549-11A982786395</keyObject>
<referredKeyID>FFB2A157-F6E9-BC3E-5549-11A982786395</referredKeyID>
<mandatory>true</mandatory>
<refColNames>id_tipo_atencion</refColNames>
<transferable>true</transferable>
<rely>false</rely>
<columnDependencyConstraintGenerateInDDL>true</columnDependencyConstraintGenerateInDDL>
</FKIndexAssociation>
