<?xml version = '1.0' encoding = 'UTF-8'?>
<FKIndexAssociation class="oracle.dbtools.crest.model.design.relational.FKIndexAssociation" directorySegmentName="seg_0" id="A008CCAE-00C9-BE0C-FF24-970A39E59994" containerWithKeyObject="98B9A3DE-BB66-9FA8-16CA-06E296CF85F0" localFKIndex="17A20FB5-FC74-BAED-B90A-71DA4D3DE3A6" name="FK_MEDICO_SUPERVISOR">
<createdBy>Katherine</createdBy>
<createdTime>2025-09-13 01:55:29 UTC</createdTime>
<generatorID>82D17975-27B3-B574-8B64-B49FAF7E5A98</generatorID>
<ownerDesignName>sumativarespaldo</ownerDesignName>
<referredTableLongName>MEDICO</referredTableLongName>
<deleteRule>NO ACTION</deleteRule>
<referredTableID>98B9A3DE-BB66-9FA8-16CA-06E296CF85F0</referredTableID>
<keyObject>BECF12E7-7DA7-0311-649C-C82BBD35F13F</keyObject>
<referredKeyID>BECF12E7-7DA7-0311-649C-C82BBD35F13F</referredKeyID>
<mandatory>false</mandatory>
<refColNames>id_medico</refColNames>
<transferable>true</transferable>
<rely>false</rely>
<columnDependencyConstraintGenerateInDDL>true</columnDependencyConstraintGenerateInDDL>
</FKIndexAssociation>
