<?xml version = '1.0' encoding = 'UTF-8'?>
<FKIndexAssociation class="oracle.dbtools.crest.model.design.relational.FKIndexAssociation" directorySegmentName="seg_0" id="A744E73D-321B-B359-1829-35B081FCA354" containerWithKeyObject="60E1EDF9-2D70-0A4B-E8D6-3D326F6C674D" localFKIndex="6632D25E-009E-0302-130C-AF0A7AC3F5E2" name="FK_RESULTADO_EXAMEN_EXAMEN">
<createdBy>Katherine</createdBy>
<createdTime>2025-09-12 23:28:40 UTC</createdTime>
<generatorID>62B22CC2-E826-95EB-5B36-40A93D298829</generatorID>
<ownerDesignName>sumativarespaldo</ownerDesignName>
<referredTableLongName>EXAMEN</referredTableLongName>
<deleteRule>NO ACTION</deleteRule>
<referredTableID>09FBEE9E-C5B2-D531-25AA-5EEB5DDF12FE</referredTableID>
<keyObject>7A10A5F8-D11E-5A7A-4D22-CA20334AA647</keyObject>
<referredKeyID>7A10A5F8-D11E-5A7A-4D22-CA20334AA647</referredKeyID>
<mandatory>true</mandatory>
<refColNames>codigo</refColNames>
<transferable>true</transferable>
<rely>false</rely>
<columnDependencyConstraintGenerateInDDL>true</columnDependencyConstraintGenerateInDDL>
</FKIndexAssociation>
