<?xml version = '1.0' encoding = 'UTF-8'?>
<FKIndexAssociation class="oracle.dbtools.crest.model.design.relational.FKIndexAssociation" directorySegmentName="seg_0" id="BC4D6918-B6A0-DDF8-43AB-1BF3FA0DCC15" containerWithKeyObject="D3984DC8-C63D-764D-C00C-46574950385A" localFKIndex="6B44CEEE-169A-2FE9-7820-D25E023E779B" name="FK_ATENCION_MED_PACIEN">
<createdBy>Katherine</createdBy>
<createdTime>2025-09-12 23:28:40 UTC</createdTime>
<generatorID>266334A6-4CC2-616D-3F48-171FA50C4C87</generatorID>
<ownerDesignName>sumativarespaldo</ownerDesignName>
<referredTableLongName>PACIENTE</referredTableLongName>
<deleteRule>NO ACTION</deleteRule>
<referredTableID>D3E8E610-AC5F-6A12-5B31-C8ED7116BEF7</referredTableID>
<keyObject>87213891-DA49-E145-065D-003988BE0488</keyObject>
<referredKeyID>87213891-DA49-E145-065D-003988BE0488</referredKeyID>
<mandatory>true</mandatory>
<refColNames>id_paciente</refColNames>
<transferable>true</transferable>
<rely>false</rely>
<columnDependencyConstraintGenerateInDDL>true</columnDependencyConstraintGenerateInDDL>
</FKIndexAssociation>
