<?xml version = '1.0' encoding = 'UTF-8'?>
<FKIndexAssociation class="oracle.dbtools.crest.model.design.relational.FKIndexAssociation" directorySegmentName="seg_0" id="CACA90BC-6CB9-CC12-2E02-AB5F6C7F526A" containerWithKeyObject="DB5B7E58-E81F-3C45-FCB0-AFC18CBC94AD" localFKIndex="06C3B906-F404-58FD-A51F-6A544A631717" name="FK_COMUNA_REGION">
<createdBy>Katherine</createdBy>
<createdTime>2025-09-12 23:28:40 UTC</createdTime>
<generatorID>A92B261E-32EA-D99F-F5D9-31516E3A8EB5</generatorID>
<ownerDesignName>sumativarespaldo</ownerDesignName>
<referredTableLongName>REGION</referredTableLongName>
<deleteRule>NO ACTION</deleteRule>
<referredTableID>BB3116DE-0423-B8A6-7B96-858FDEC16A4F</referredTableID>
<keyObject>03263F65-3B11-EECD-81D7-EBFBAE32FC35</keyObject>
<referredKeyID>03263F65-3B11-EECD-81D7-EBFBAE32FC35</referredKeyID>
<mandatory>true</mandatory>
<refColNames>id_region</refColNames>
<transferable>true</transferable>
<rely>false</rely>
<columnDependencyConstraintGenerateInDDL>true</columnDependencyConstraintGenerateInDDL>
</FKIndexAssociation>
