<?xml version = '1.0' encoding = 'UTF-8'?>
<FKIndexAssociation class="oracle.dbtools.crest.model.design.relational.FKIndexAssociation" directorySegmentName="seg_0" id="D92E5708-357B-C232-39FF-AD1EDA7171FE" containerWithKeyObject="D3E8E610-AC5F-6A12-5B31-C8ED7116BEF7" localFKIndex="A73310FB-278D-69D8-A49D-9A0985E34107" name="FK_PACIEN_SEXO">
<createdBy>Katherine</createdBy>
<createdTime>2025-09-12 23:28:40 UTC</createdTime>
<generatorID>8D1562F4-799E-AC3B-90EA-8484D2F764FD</generatorID>
<ownerDesignName>sumativarespaldo</ownerDesignName>
<referredTableLongName>SEXO</referredTableLongName>
<deleteRule>NO ACTION</deleteRule>
<referredTableID>97A3B58B-9E4E-D9B8-7908-63FC7986FFB0</referredTableID>
<keyObject>BD67096E-1D9D-8F15-F9F2-77C77C61BE79</keyObject>
<referredKeyID>BD67096E-1D9D-8F15-F9F2-77C77C61BE79</referredKeyID>
<mandatory>true</mandatory>
<refColNames>id_sexo</refColNames>
<transferable>true</transferable>
<rely>false</rely>
<columnDependencyConstraintGenerateInDDL>true</columnDependencyConstraintGenerateInDDL>
</FKIndexAssociation>
