<?xml version = '1.0' encoding = 'UTF-8'?>
<FKIndexAssociation class="oracle.dbtools.crest.model.design.relational.FKIndexAssociation" directorySegmentName="seg_0" id="E996E3F6-D6A9-6C90-7F39-58E329E4782E" containerWithKeyObject="09FBEE9E-C5B2-D531-25AA-5EEB5DDF12FE" localFKIndex="AD0E5CE2-9BD0-2488-9A20-BDCC8D69ED32" name="FK_EXAMEN_DERIVACION">
<createdBy>Katherine</createdBy>
<createdTime>2025-09-12 23:28:40 UTC</createdTime>
<generatorID>616578BA-5E36-5D8A-D197-2460B58CB606</generatorID>
<ownerDesignName>sumativarespaldo</ownerDesignName>
<referredTableLongName>DERIVACION</referredTableLongName>
<deleteRule>NO ACTION</deleteRule>
<referredTableID>B0F7B8EF-8101-BA06-22F3-D44CE61EDB2F</referredTableID>
<keyObject>041CAEE6-3396-C898-4FBF-F8818D96C04D</keyObject>
<referredKeyID>041CAEE6-3396-C898-4FBF-F8818D96C04D</referredKeyID>
<mandatory>true</mandatory>
<refColNames>id_derivacion</refColNames>
<transferable>true</transferable>
<rely>false</rely>
<columnDependencyConstraintGenerateInDDL>true</columnDependencyConstraintGenerateInDDL>
</FKIndexAssociation>
