<?xml version = '1.0' encoding = 'UTF-8'?>
<FKIndexAssociation class="oracle.dbtools.crest.model.design.relational.FKIndexAssociation" directorySegmentName="seg_0" id="EDBF2AFF-9B7C-7D2A-245A-5537385951E7" containerWithKeyObject="98B9A3DE-BB66-9FA8-16CA-06E296CF85F0" localFKIndex="C46E6DD7-3F21-AE01-F543-BD23598E592A" name="FK_MEDICO_UNIDAD">
<createdBy>Katherine</createdBy>
<createdTime>2025-09-12 23:28:40 UTC</createdTime>
<generatorID>4F9E74E7-9FB0-4159-F884-24D2778D00CA</generatorID>
<ownerDesignName>sumativarespaldo</ownerDesignName>
<referredTableLongName>UNIDAD</referredTableLongName>
<deleteRule>NO ACTION</deleteRule>
<referredTableID>33493A7D-DC05-BD23-0BAD-414E94E53CF9</referredTableID>
<keyObject>D0083967-E44A-1E19-2D6D-07D7B01C4728</keyObject>
<referredKeyID>D0083967-E44A-1E19-2D6D-07D7B01C4728</referredKeyID>
<mandatory>true</mandatory>
<refColNames>id_unidad</refColNames>
<transferable>true</transferable>
<rely>false</rely>
<columnDependencyConstraintGenerateInDDL>true</columnDependencyConstraintGenerateInDDL>
</FKIndexAssociation>
