<?xml version = '1.0' encoding = 'UTF-8'?>
<FKIndexAssociation class="oracle.dbtools.crest.model.design.relational.FKIndexAssociation" directorySegmentName="seg_0" id="FF7C3A01-3067-54CA-56C9-835DAC4E244F" containerWithKeyObject="D3984DC8-C63D-764D-C00C-46574950385A" localFKIndex="432B9B46-BC15-EEE9-A61B-D2778F1B20DE" name="FK_ATENCION_MED_DERIV">
<createdBy>Katherine</createdBy>
<createdTime>2025-09-12 23:28:40 UTC</createdTime>
<generatorID>00E0ED2A-9E5D-41E2-9D7C-4E0B3CAF6247</generatorID>
<ownerDesignName>sumativarespaldo</ownerDesignName>
<referredTableLongName>DERIVACION</referredTableLongName>
<deleteRule>NO ACTION</deleteRule>
<referredTableID>B0F7B8EF-8101-BA06-22F3-D44CE61EDB2F</referredTableID>
<keyObject>041CAEE6-3396-C898-4FBF-F8818D96C04D</keyObject>
<referredKeyID>041CAEE6-3396-C898-4FBF-F8818D96C04D</referredKeyID>
<mandatory>true</mandatory>
<refColNames>id_derivacion</refColNames>
<transferable>true</transferable>
<rely>false</rely>
<columnDependencyConstraintGenerateInDDL>true</columnDependencyConstraintGenerateInDDL>
</FKIndexAssociation>
