<?xml version = '1.0' encoding = 'UTF-8'?>
<Entity class="oracle.dbtools.crest.model.design.logical.Entity" directorySegmentName="seg_0" id="01885755-B0B8-23CA-CFBE-66C4DB38FED8" name="DERIVACION">
<createdBy>Katherine</createdBy>
<createdTime>2025-09-12 21:42:09 UTC</createdTime>
<ownerDesignName>sumativarespaldo</ownerDesignName>
<engineerTo>
<item key="4B223BA7-A94A-F2DB-3953-A3884BF14293" value="true"/>
</engineerTo>
<adequatelyNormalized>NO</adequatelyNormalized>
<expectedVolumes>0</expectedVolumes>
<fwdEngineeringStrategyName>Single Table</fwdEngineeringStrategyName>
<growthPercent>0</growthPercent>
<growthType>Year</growthType>
<maxVolumes>9999999</maxVolumes>
<minVolumes>0</minVolumes>
<normalForm>Third</normalForm>
<attributes itemClass="oracle.dbtools.crest.model.design.logical.Attribute">
<Attribute name="id_derivacion" id="21AFADDD-CCBD-5B27-C95F-2A22C9CDB548">
<createdBy>Katherine</createdBy>
<createdTime>2025-09-12 21:42:15 UTC</createdTime>
<ownerDesignName>sumativarespaldo</ownerDesignName>
<engineerTo>
<item key="4B223BA7-A94A-F2DB-3953-A3884BF14293" value="true"/>
</engineerTo>
<useDomainConstraints>false</useDomainConstraints>
<use>1</use>
<logicalDatatype>LOGDT011</logicalDatatype>
<ownDataTypeParameters>,,</ownDataTypeParameters>
</Attribute>
<Attribute name="fecha_derivacion" id="9094A922-007B-8A6D-FEC6-996D201FA274">
<createdBy>Katherine</createdBy>
<createdTime>2025-09-12 21:42:25 UTC</createdTime>
<ownerDesignName>sumativarespaldo</ownerDesignName>
<engineerTo>
<item key="4B223BA7-A94A-F2DB-3953-A3884BF14293" value="true"/>
</engineerTo>
<useDomainConstraints>false</useDomainConstraints>
<use>1</use>
<logicalDatatype>LOGDT007</logicalDatatype>
<ownDataTypeParameters>,,</ownDataTypeParameters>
</Attribute>
<Attribute name="id_medico" id="FE2C245C-B72A-822E-6064-C34FBEEFFEA0">
<createdBy>Katherine</createdBy>
<createdTime>2025-09-12 23:11:20 UTC</createdTime>
<generatorID>8E93DFE9-C40D-1498-2AB4-0922F402FDC5</generatorID>
<ownerDesignName>sumativarespaldo</ownerDesignName>
<engineerTo>
<item key="4B223BA7-A94A-F2DB-3953-A3884BF14293" value="true"/>
</engineerTo>
<referedAttribute>FED7872D-61B9-930F-7B9D-E7B1908FDB65</referedAttribute>
<use>1</use>
<logicalDatatype>LOGDT011</logicalDatatype>
<ownDataTypeParameters>,,</ownDataTypeParameters>
</Attribute>
</attributes>
<identifiers itemClass="oracle.dbtools.crest.model.design.logical.CandidateKey">
<identifier id="655CDB06-E307-0BF1-7E66-1E53CB793A68" name="DERIVACION PK">
<createdBy>Katherine</createdBy>
<createdTime>2025-09-12 21:42:25 UTC</createdTime>
<ownerDesignName>sumativarespaldo</ownerDesignName>
<engineerTo>
<item key="4B223BA7-A94A-F2DB-3953-A3884BF14293" value="true"/>
</engineerTo>
<pk>true</pk>
<usedAttributes>
<attributeRef>21AFADDD-CCBD-5B27-C95F-2A22C9CDB548</attributeRef>
</usedAttributes>
</identifier>
</identifiers>
</Entity>
