<?xml version = '1.0' encoding = 'UTF-8'?>
<Entity class="oracle.dbtools.crest.model.design.logical.Entity" directorySegmentName="seg_0" id="02E7C80A-33A6-5072-7177-BF729F12AA44" name="COMUNA">
<createdBy>Katherine</createdBy>
<createdTime>2025-09-12 16:48:56 UTC</createdTime>
<ownerDesignName>sumativarespaldo</ownerDesignName>
<engineerTo>
<item key="4B223BA7-A94A-F2DB-3953-A3884BF14293" value="true"/>
</engineerTo>
<adequatelyNormalized>NO</adequatelyNormalized>
<expectedVolumes>0</expectedVolumes>
<fwdEngineeringStrategyName>Single Table</fwdEngineeringStrategyName>
<growthPercent>0</growthPercent>
<growthType>Year</growthType>
<maxVolumes>9999999</maxVolumes>
<minVolumes>0</minVolumes>
<normalForm>Third</normalForm>
<attributes itemClass="oracle.dbtools.crest.model.design.logical.Attribute">
<Attribute name="id_comuna" id="AF1D5552-6EC9-873C-60F9-DAF553218558">
<createdBy>Katherine</createdBy>
<createdTime>2025-09-12 16:49:00 UTC</createdTime>
<ownerDesignName>sumativarespaldo</ownerDesignName>
<engineerTo>
<item key="4B223BA7-A94A-F2DB-3953-A3884BF14293" value="true"/>
</engineerTo>
<useDomainConstraints>false</useDomainConstraints>
<use>1</use>
<logicalDatatype>LOGDT011</logicalDatatype>
<ownDataTypeParameters>,,</ownDataTypeParameters>
</Attribute>
<Attribute name="nombre" id="8EC36BBB-65B5-086F-6C5C-8BFC03907D3B">
<createdBy>Katherine</createdBy>
<createdTime>2025-09-12 16:49:17 UTC</createdTime>
<ownerDesignName>sumativarespaldo</ownerDesignName>
<engineerTo>
<item key="4B223BA7-A94A-F2DB-3953-A3884BF14293" value="true"/>
</engineerTo>
<useDomainConstraints>false</useDomainConstraints>
<use>1</use>
<logicalDatatype>LOGDT024</logicalDatatype>
<dataTypeSize>30 CHAR</dataTypeSize>
<ownDataTypeParameters>30 CHAR,,</ownDataTypeParameters>
</Attribute>
<Attribute name="id_region" id="56C33591-A6CA-886D-6F1C-900E4D56C423">
<createdBy>Katherine</createdBy>
<createdTime>2025-09-12 20:55:39 UTC</createdTime>
<generatorID>A92B261E-32EA-D99F-F5D9-31516E3A8EB5</generatorID>
<ownerDesignName>sumativarespaldo</ownerDesignName>
<engineerTo>
<item key="4B223BA7-A94A-F2DB-3953-A3884BF14293" value="true"/>
</engineerTo>
<referedAttribute>4382702E-1E03-518E-F8FE-2A3685D6D475</referedAttribute>
<useDomainConstraints>false</useDomainConstraints>
<use>1</use>
<logicalDatatype>LOGDT011</logicalDatatype>
<ownDataTypeParameters>,,</ownDataTypeParameters>
</Attribute>
</attributes>
<identifiers itemClass="oracle.dbtools.crest.model.design.logical.CandidateKey">
<identifier id="5D66985A-BF5C-0794-B0F2-6040BF103F80" name="COMUNA PK">
<createdBy>Katherine</createdBy>
<createdTime>2025-09-12 16:49:06 UTC</createdTime>
<ownerDesignName>sumativarespaldo</ownerDesignName>
<engineerTo>
<item key="4B223BA7-A94A-F2DB-3953-A3884BF14293" value="true"/>
</engineerTo>
<pk>true</pk>
<usedAttributes>
<attributeRef>AF1D5552-6EC9-873C-60F9-DAF553218558</attributeRef>
</usedAttributes>
</identifier>
<identifier id="DB89F1F7-0EBC-1D2D-770F-A1622E55698F" name="UK_COMUNA_NOMBRE">
<createdBy>Katherine</createdBy>
<createdTime>2025-09-12 17:50:29 UTC</createdTime>
<ownerDesignName>sumativarespaldo</ownerDesignName>
<shouldEngineer>false</shouldEngineer>
<engineerTo>
<item key="4B223BA7-A94A-F2DB-3953-A3884BF14293" value="false"/>
</engineerTo>
<newElementsIDs>8EC36BBB-65B5-086F-6C5C-8BFC03907D3B</newElementsIDs>
<usedAttributes>
<attributeRef>8EC36BBB-65B5-086F-6C5C-8BFC03907D3B</attributeRef>
</usedAttributes>
</identifier>
</identifiers>
</Entity>
