<?xml version = '1.0' encoding = 'UTF-8'?>
<Entity class="oracle.dbtools.crest.model.design.logical.Entity" directorySegmentName="seg_0" id="0952F480-6DDE-DB03-815E-86B0274B3D0F" name="REGION">
<createdBy>Katherine</createdBy>
<createdTime>2025-09-12 16:48:09 UTC</createdTime>
<ownerDesignName>sumativarespaldo</ownerDesignName>
<engineerTo>
<item key="4B223BA7-A94A-F2DB-3953-A3884BF14293" value="true"/>
</engineerTo>
<adequatelyNormalized>NO</adequatelyNormalized>
<expectedVolumes>0</expectedVolumes>
<fwdEngineeringStrategyName>Single Table</fwdEngineeringStrategyName>
<growthPercent>0</growthPercent>
<growthType>Year</growthType>
<maxVolumes>9999999</maxVolumes>
<minVolumes>0</minVolumes>
<normalForm>Third</normalForm>
<attributes itemClass="oracle.dbtools.crest.model.design.logical.Attribute">
<Attribute name="id_region" id="4382702E-1E03-518E-F8FE-2A3685D6D475">
<createdBy>Katherine</createdBy>
<createdTime>2025-09-12 16:48:15 UTC</createdTime>
<ownerDesignName>sumativarespaldo</ownerDesignName>
<engineerTo>
<item key="4B223BA7-A94A-F2DB-3953-A3884BF14293" value="true"/>
</engineerTo>
<useDomainConstraints>false</useDomainConstraints>
<use>1</use>
<logicalDatatype>LOGDT011</logicalDatatype>
<ownDataTypeParameters>,,</ownDataTypeParameters>
</Attribute>
<Attribute name="nombre" id="9CFD36D8-0C11-ED9C-D2A4-6D00724D61E5">
<createdBy>Katherine</createdBy>
<createdTime>2025-09-12 16:48:29 UTC</createdTime>
<ownerDesignName>sumativarespaldo</ownerDesignName>
<engineerTo>
<item key="4B223BA7-A94A-F2DB-3953-A3884BF14293" value="true"/>
</engineerTo>
<useDomainConstraints>false</useDomainConstraints>
<use>1</use>
<logicalDatatype>LOGDT024</logicalDatatype>
<dataTypeSize>30 CHAR</dataTypeSize>
<ownDataTypeParameters>30 CHAR,,</ownDataTypeParameters>
</Attribute>
</attributes>
<identifiers itemClass="oracle.dbtools.crest.model.design.logical.CandidateKey">
<identifier id="D9C223E6-5D65-0DBC-BCC6-4201428473A6" name="REGION PK">
<createdBy>Katherine</createdBy>
<createdTime>2025-09-12 16:48:29 UTC</createdTime>
<ownerDesignName>sumativarespaldo</ownerDesignName>
<engineerTo>
<item key="4B223BA7-A94A-F2DB-3953-A3884BF14293" value="true"/>
</engineerTo>
<pk>true</pk>
<usedAttributes>
<attributeRef>4382702E-1E03-518E-F8FE-2A3685D6D475</attributeRef>
</usedAttributes>
</identifier>
<identifier id="4DEEF07B-F8F8-93F5-31C9-ED761E23475A" name="UK_REGION_NOMBRE">
<createdBy>Katherine</createdBy>
<createdTime>2025-09-12 17:50:59 UTC</createdTime>
<ownerDesignName>sumativarespaldo</ownerDesignName>
<shouldEngineer>false</shouldEngineer>
<engineerTo>
<item key="4B223BA7-A94A-F2DB-3953-A3884BF14293" value="false"/>
</engineerTo>
<newElementsIDs>9CFD36D8-0C11-ED9C-D2A4-6D00724D61E5</newElementsIDs>
<usedAttributes>
<attributeRef>9CFD36D8-0C11-ED9C-D2A4-6D00724D61E5</attributeRef>
</usedAttributes>
</identifier>
</identifiers>
</Entity>
