<?xml version = '1.0' encoding = 'UTF-8'?>
<Entity class="oracle.dbtools.crest.model.design.logical.Entity" directorySegmentName="seg_0" id="16832D5D-131C-D015-DD3A-116BDE71B9EC" name="PAGO_ATENCION">
<createdBy>Katherine</createdBy>
<createdTime>2025-09-12 15:03:33 UTC</createdTime>
<ownerDesignName>sumativarespaldo</ownerDesignName>
<engineerTo>
<item key="4B223BA7-A94A-F2DB-3953-A3884BF14293" value="true"/>
</engineerTo>
<adequatelyNormalized>NO</adequatelyNormalized>
<expectedVolumes>0</expectedVolumes>
<fwdEngineeringStrategyName>Single Table</fwdEngineeringStrategyName>
<growthPercent>0</growthPercent>
<growthType>Year</growthType>
<maxVolumes>9999999</maxVolumes>
<minVolumes>0</minVolumes>
<normalForm>Third</normalForm>
<attributes itemClass="oracle.dbtools.crest.model.design.logical.Attribute">
<Attribute name="id_pago" id="47FC70AF-8CDF-6679-5AF4-B1886D3D004D">
<createdBy>Katherine</createdBy>
<createdTime>2025-09-12 15:03:40 UTC</createdTime>
<ownerDesignName>sumativarespaldo</ownerDesignName>
<engineerTo>
<item key="4B223BA7-A94A-F2DB-3953-A3884BF14293" value="true"/>
</engineerTo>
<useDomainConstraints>false</useDomainConstraints>
<use>1</use>
<logicalDatatype>LOGDT011</logicalDatatype>
<ownDataTypeParameters>,,</ownDataTypeParameters>
</Attribute>
<Attribute name="fecha" id="B72C1C48-AD02-018F-7A5B-57E578DD3A35">
<createdBy>Katherine</createdBy>
<createdTime>2025-09-12 15:04:03 UTC</createdTime>
<ownerDesignName>sumativarespaldo</ownerDesignName>
<engineerTo>
<item key="4B223BA7-A94A-F2DB-3953-A3884BF14293" value="true"/>
</engineerTo>
<useDomainConstraints>false</useDomainConstraints>
<use>1</use>
<logicalDatatype>LOGDT007</logicalDatatype>
<ownDataTypeParameters>,,</ownDataTypeParameters>
</Attribute>
<Attribute name="monto" id="385DAE99-A8DE-B4C3-B58B-8BC51DE52DA6">
<createdBy>Katherine</createdBy>
<createdTime>2025-09-12 15:04:10 UTC</createdTime>
<ownerDesignName>sumativarespaldo</ownerDesignName>
<engineerTo>
<item key="4B223BA7-A94A-F2DB-3953-A3884BF14293" value="true"/>
</engineerTo>
<useDomainConstraints>false</useDomainConstraints>
<use>1</use>
<logicalDatatype>LOGDT019</logicalDatatype>
<dataTypePrecision>8</dataTypePrecision>
<ownDataTypeParameters>,8,</ownDataTypeParameters>
</Attribute>
<Attribute name="tipo_pago" id="6C24AEFA-EBE3-3BBA-021B-6479D1C49105">
<createdBy>Katherine</createdBy>
<createdTime>2025-09-15 16:00:13 UTC</createdTime>
<ownerDesignName>sumativarespaldo</ownerDesignName>
<engineerTo>
<item key="4B223BA7-A94A-F2DB-3953-A3884BF14293" value="true"/>
</engineerTo>
<useDomainConstraints>false</useDomainConstraints>
<use>1</use>
<logicalDatatype>LOGDT025</logicalDatatype>
<dataTypeSize>1 CHAR</dataTypeSize>
<listOfValues>
<valueDef value="C" description="convenio"/>
<valueDef value="E" description="efectivo"/>
<valueDef value="T" description="tarjeta"/>
</listOfValues>
<ownDataTypeParameters>1 CHAR,,</ownDataTypeParameters>
</Attribute>
<Attribute name="id_atencion" id="05FBD37C-4CB4-A72B-6909-9E48174C0C22">
<createdBy>Katherine</createdBy>
<createdTime>2025-09-12 21:23:21 UTC</createdTime>
<generatorID>DB2053F5-1892-E8AC-AEB0-8F6C80685AF7</generatorID>
<ownerDesignName>sumativarespaldo</ownerDesignName>
<engineerTo>
<item key="4B223BA7-A94A-F2DB-3953-A3884BF14293" value="true"/>
</engineerTo>
<referedAttribute>E19BAAFC-4126-019F-6163-7537D5A0E21D</referedAttribute>
<useDomainConstraints>false</useDomainConstraints>
<use>1</use>
<logicalDatatype>LOGDT011</logicalDatatype>
<ownDataTypeParameters>,,</ownDataTypeParameters>
</Attribute>
</attributes>
<identifiers itemClass="oracle.dbtools.crest.model.design.logical.CandidateKey">
<identifier id="8D8025FD-BE58-BA1D-19A3-5E972C402AE6" name="PAGO_ATENCION PK">
<createdBy>Katherine</createdBy>
<createdTime>2025-09-12 15:03:55 UTC</createdTime>
<ownerDesignName>sumativarespaldo</ownerDesignName>
<engineerTo>
<item key="4B223BA7-A94A-F2DB-3953-A3884BF14293" value="true"/>
</engineerTo>
<pk>true</pk>
<usedAttributes>
<attributeRef>47FC70AF-8CDF-6679-5AF4-B1886D3D004D</attributeRef>
</usedAttributes>
</identifier>
</identifiers>
</Entity>
