<?xml version = '1.0' encoding = 'UTF-8'?>
<Entity class="oracle.dbtools.crest.model.design.logical.Entity" directorySegmentName="seg_0" id="1BDF81A6-7DB2-A05D-CA8F-526C6ECF905F" name="ESPECIALIDAD">
<createdBy>Katherine</createdBy>
<createdTime>2025-09-12 15:04:31 UTC</createdTime>
<ownerDesignName>sumativarespaldo</ownerDesignName>
<engineerTo>
<item key="4B223BA7-A94A-F2DB-3953-A3884BF14293" value="true"/>
</engineerTo>
<adequatelyNormalized>NO</adequatelyNormalized>
<expectedVolumes>0</expectedVolumes>
<fwdEngineeringStrategyName>Single Table</fwdEngineeringStrategyName>
<growthPercent>0</growthPercent>
<growthType>Year</growthType>
<maxVolumes>9999999</maxVolumes>
<minVolumes>0</minVolumes>
<normalForm>Third</normalForm>
<attributes itemClass="oracle.dbtools.crest.model.design.logical.Attribute">
<Attribute name="id_esp" id="C8AF98E3-278A-B829-1355-B3ADD60484D8">
<createdBy>Katherine</createdBy>
<createdTime>2025-09-12 15:04:39 UTC</createdTime>
<ownerDesignName>sumativarespaldo</ownerDesignName>
<engineerTo>
<item key="4B223BA7-A94A-F2DB-3953-A3884BF14293" value="true"/>
</engineerTo>
<useDomainConstraints>false</useDomainConstraints>
<use>1</use>
<logicalDatatype>LOGDT011</logicalDatatype>
<ownDataTypeParameters>,,</ownDataTypeParameters>
</Attribute>
<Attribute name="nombre" id="F19E891A-C8DF-AD37-D180-6DE2FAA8AD8D">
<createdBy>Katherine</createdBy>
<createdTime>2025-09-12 15:04:59 UTC</createdTime>
<ownerDesignName>sumativarespaldo</ownerDesignName>
<engineerTo>
<item key="4B223BA7-A94A-F2DB-3953-A3884BF14293" value="true"/>
</engineerTo>
<useDomainConstraints>false</useDomainConstraints>
<use>1</use>
<logicalDatatype>LOGDT024</logicalDatatype>
<dataTypeSize>30 CHAR</dataTypeSize>
<ownDataTypeParameters>30 CHAR,,</ownDataTypeParameters>
</Attribute>
</attributes>
<identifiers itemClass="oracle.dbtools.crest.model.design.logical.CandidateKey">
<identifier id="2798BD2A-01BC-8775-F6ED-B292E573CB1D" name="ESPECIALIDAD PK">
<createdBy>Katherine</createdBy>
<createdTime>2025-09-12 15:04:44 UTC</createdTime>
<ownerDesignName>sumativarespaldo</ownerDesignName>
<engineerTo>
<item key="4B223BA7-A94A-F2DB-3953-A3884BF14293" value="true"/>
</engineerTo>
<pk>true</pk>
<usedAttributes>
<attributeRef>C8AF98E3-278A-B829-1355-B3ADD60484D8</attributeRef>
</usedAttributes>
</identifier>
<identifier id="BD49189B-08E5-3FB1-E106-EEA530B8E63B" name="UK_ESPECIALIDAD_NOMBRE">
<createdBy>Katherine</createdBy>
<createdTime>2025-09-12 23:06:44 UTC</createdTime>
<ownerDesignName>sumativarespaldo</ownerDesignName>
<shouldEngineer>false</shouldEngineer>
<engineerTo>
<item key="4B223BA7-A94A-F2DB-3953-A3884BF14293" value="false"/>
</engineerTo>
<newElementsIDs>F19E891A-C8DF-AD37-D180-6DE2FAA8AD8D</newElementsIDs>
<usedAttributes>
<attributeRef>F19E891A-C8DF-AD37-D180-6DE2FAA8AD8D</attributeRef>
</usedAttributes>
</identifier>
</identifiers>
</Entity>
