<?xml version = '1.0' encoding = 'UTF-8'?>
<Entity class="oracle.dbtools.crest.model.design.logical.Entity" directorySegmentName="seg_0" id="56C6DF0C-86ED-7447-B8FB-7507C6DBECAA" name="AFP">
<createdBy>Katherine</createdBy>
<createdTime>2025-09-12 17:58:35 UTC</createdTime>
<ownerDesignName>sumativarespaldo</ownerDesignName>
<engineerTo>
<item key="4B223BA7-A94A-F2DB-3953-A3884BF14293" value="true"/>
</engineerTo>
<adequatelyNormalized>NO</adequatelyNormalized>
<expectedVolumes>0</expectedVolumes>
<fwdEngineeringStrategyName>Single Table</fwdEngineeringStrategyName>
<growthPercent>0</growthPercent>
<growthType>Year</growthType>
<maxVolumes>9999999</maxVolumes>
<minVolumes>0</minVolumes>
<normalForm>Third</normalForm>
<attributes itemClass="oracle.dbtools.crest.model.design.logical.Attribute">
<Attribute name="id_afp" id="D5C45C11-38B3-712F-80CA-65F72386E074">
<createdBy>Katherine</createdBy>
<createdTime>2025-09-12 17:58:42 UTC</createdTime>
<ownerDesignName>sumativarespaldo</ownerDesignName>
<engineerTo>
<item key="4B223BA7-A94A-F2DB-3953-A3884BF14293" value="true"/>
</engineerTo>
<useDomainConstraints>false</useDomainConstraints>
<use>1</use>
<logicalDatatype>LOGDT011</logicalDatatype>
<ownDataTypeParameters>,,</ownDataTypeParameters>
</Attribute>
<Attribute name="nombre" id="537480D3-B38C-0F0C-63A8-009008D6E166">
<createdBy>Katherine</createdBy>
<createdTime>2025-09-12 17:58:52 UTC</createdTime>
<ownerDesignName>sumativarespaldo</ownerDesignName>
<engineerTo>
<item key="4B223BA7-A94A-F2DB-3953-A3884BF14293" value="true"/>
</engineerTo>
<useDomainConstraints>false</useDomainConstraints>
<use>1</use>
<logicalDatatype>LOGDT024</logicalDatatype>
<dataTypeSize>30 CHAR</dataTypeSize>
<ownDataTypeParameters>30 CHAR,,</ownDataTypeParameters>
</Attribute>
</attributes>
<identifiers itemClass="oracle.dbtools.crest.model.design.logical.CandidateKey">
<identifier id="F932F11F-F40C-6C42-A814-B4F095F57C85" name="AFP PK">
<createdBy>Katherine</createdBy>
<createdTime>2025-09-12 17:58:51 UTC</createdTime>
<ownerDesignName>sumativarespaldo</ownerDesignName>
<engineerTo>
<item key="4B223BA7-A94A-F2DB-3953-A3884BF14293" value="true"/>
</engineerTo>
<pk>true</pk>
<usedAttributes>
<attributeRef>D5C45C11-38B3-712F-80CA-65F72386E074</attributeRef>
</usedAttributes>
</identifier>
<identifier id="BA48A6D7-1A25-3187-591D-CDF7DE843CCC" name="UK_AFP_NOMBRE">
<createdBy>Katherine</createdBy>
<createdTime>2025-09-12 23:06:05 UTC</createdTime>
<ownerDesignName>sumativarespaldo</ownerDesignName>
<shouldEngineer>false</shouldEngineer>
<engineerTo>
<item key="4B223BA7-A94A-F2DB-3953-A3884BF14293" value="false"/>
</engineerTo>
<newElementsIDs>537480D3-B38C-0F0C-63A8-009008D6E166</newElementsIDs>
<usedAttributes>
<attributeRef>537480D3-B38C-0F0C-63A8-009008D6E166</attributeRef>
</usedAttributes>
</identifier>
</identifiers>
</Entity>
