<?xml version = '1.0' encoding = 'UTF-8'?>
<Entity class="oracle.dbtools.crest.model.design.logical.Entity" directorySegmentName="seg_0" id="6AD1AAE0-15EF-1DF0-CB4C-E38F2816F9CD" name="UNIDAD">
<createdBy>Katherine</createdBy>
<createdTime>2025-09-12 15:43:56 UTC</createdTime>
<ownerDesignName>sumativarespaldo</ownerDesignName>
<engineerTo>
<item key="4B223BA7-A94A-F2DB-3953-A3884BF14293" value="true"/>
</engineerTo>
<adequatelyNormalized>NO</adequatelyNormalized>
<expectedVolumes>0</expectedVolumes>
<fwdEngineeringStrategyName>Single Table</fwdEngineeringStrategyName>
<growthPercent>0</growthPercent>
<growthType>Year</growthType>
<maxVolumes>9999999</maxVolumes>
<minVolumes>0</minVolumes>
<normalForm>Third</normalForm>
<attributes itemClass="oracle.dbtools.crest.model.design.logical.Attribute">
<Attribute name="id_unidad" id="70DD5AE8-1FB8-D9E2-84B9-975A5CCAA5EE">
<createdBy>Katherine</createdBy>
<createdTime>2025-09-12 18:36:16 UTC</createdTime>
<ownerDesignName>sumativarespaldo</ownerDesignName>
<engineerTo>
<item key="4B223BA7-A94A-F2DB-3953-A3884BF14293" value="true"/>
</engineerTo>
<useDomainConstraints>false</useDomainConstraints>
<use>1</use>
<logicalDatatype>LOGDT011</logicalDatatype>
<ownDataTypeParameters>,,</ownDataTypeParameters>
</Attribute>
<Attribute name="nombre" id="736AE6A1-19B4-0CCE-6B15-A7AA2F526393">
<createdBy>Katherine</createdBy>
<createdTime>2025-09-12 18:36:43 UTC</createdTime>
<ownerDesignName>sumativarespaldo</ownerDesignName>
<engineerTo>
<item key="4B223BA7-A94A-F2DB-3953-A3884BF14293" value="true"/>
</engineerTo>
<useDomainConstraints>false</useDomainConstraints>
<use>1</use>
<logicalDatatype>LOGDT024</logicalDatatype>
<dataTypeSize>50 CHAR</dataTypeSize>
<ownDataTypeParameters>50 CHAR,,</ownDataTypeParameters>
</Attribute>
<Attribute name="descripcion" id="1A619700-F67E-A93C-E4BC-B7B933BC7FC3">
<createdBy>Katherine</createdBy>
<createdTime>2025-09-12 20:05:12 UTC</createdTime>
<ownerDesignName>sumativarespaldo</ownerDesignName>
<engineerTo>
<item key="4B223BA7-A94A-F2DB-3953-A3884BF14293" value="true"/>
</engineerTo>
<nullsAllowed>true</nullsAllowed>
<useDomainConstraints>false</useDomainConstraints>
<use>1</use>
<logicalDatatype>LOGDT024</logicalDatatype>
<dataTypeSize>50 CHAR</dataTypeSize>
<ownDataTypeParameters>50 CHAR,,</ownDataTypeParameters>
</Attribute>
<Attribute name="id_atencion" id="860C123A-47DD-B8A3-8ACB-FB115874217B">
<createdBy>Katherine</createdBy>
<createdTime>2025-09-12 21:03:56 UTC</createdTime>
<generatorID>01CD3BF7-D8E5-9593-7EA9-320D5634EA6C</generatorID>
<ownerDesignName>sumativarespaldo</ownerDesignName>
<engineerTo>
<item key="4B223BA7-A94A-F2DB-3953-A3884BF14293" value="true"/>
</engineerTo>
<referedAttribute>E19BAAFC-4126-019F-6163-7537D5A0E21D</referedAttribute>
<useDomainConstraints>false</useDomainConstraints>
<use>1</use>
<logicalDatatype>LOGDT011</logicalDatatype>
<ownDataTypeParameters>,,</ownDataTypeParameters>
</Attribute>
<Attribute name="id_derivacion" id="7486F897-34F0-54CD-6F7D-27621A647B28">
<createdBy>Katherine</createdBy>
<createdTime>2025-09-12 21:52:02 UTC</createdTime>
<generatorID>7B10B713-E438-AC0C-90E7-D6EABC1A47CD</generatorID>
<ownerDesignName>sumativarespaldo</ownerDesignName>
<engineerTo>
<item key="4B223BA7-A94A-F2DB-3953-A3884BF14293" value="true"/>
</engineerTo>
<referedAttribute>21AFADDD-CCBD-5B27-C95F-2A22C9CDB548</referedAttribute>
<useDomainConstraints>false</useDomainConstraints>
<use>1</use>
<logicalDatatype>LOGDT011</logicalDatatype>
<ownDataTypeParameters>,,</ownDataTypeParameters>
</Attribute>
<Attribute name="id_medico" id="878D2D72-0AB1-98C3-BF55-AC20A6633EB1">
<createdBy>Katherine</createdBy>
<createdTime>2025-09-13 03:19:12 UTC</createdTime>
<generatorID>4F9E74E7-9FB0-4159-F884-24D2778D00CA</generatorID>
<ownerDesignName>sumativarespaldo</ownerDesignName>
<engineerTo>
<item key="4B223BA7-A94A-F2DB-3953-A3884BF14293" value="true"/>
</engineerTo>
<nullsAllowed>true</nullsAllowed>
<referedAttribute>FED7872D-61B9-930F-7B9D-E7B1908FDB65</referedAttribute>
<useDomainConstraints>false</useDomainConstraints>
<use>1</use>
<logicalDatatype>LOGDT011</logicalDatatype>
<ownDataTypeParameters>,,</ownDataTypeParameters>
</Attribute>
</attributes>
<identifiers itemClass="oracle.dbtools.crest.model.design.logical.CandidateKey">
<identifier id="2DB8783E-D57B-9445-CB30-2026519C357B" name="UNIDAD PK">
<createdBy>Katherine</createdBy>
<createdTime>2025-09-12 18:36:42 UTC</createdTime>
<ownerDesignName>sumativarespaldo</ownerDesignName>
<engineerTo>
<item key="4B223BA7-A94A-F2DB-3953-A3884BF14293" value="true"/>
</engineerTo>
<pk>true</pk>
<usedAttributes>
<attributeRef>70DD5AE8-1FB8-D9E2-84B9-975A5CCAA5EE</attributeRef>
</usedAttributes>
</identifier>
<identifier id="3AE6138E-756F-35E9-1BD8-A9EB8F34BE00" name="UK_UNIDAD_NOMBRE">
<createdBy>Katherine</createdBy>
<createdTime>2025-09-12 22:58:15 UTC</createdTime>
<ownerDesignName>sumativarespaldo</ownerDesignName>
<shouldEngineer>false</shouldEngineer>
<engineerTo>
<item key="4B223BA7-A94A-F2DB-3953-A3884BF14293" value="false"/>
</engineerTo>
<newElementsIDs>736AE6A1-19B4-0CCE-6B15-A7AA2F526393</newElementsIDs>
<usedAttributes>
<attributeRef>736AE6A1-19B4-0CCE-6B15-A7AA2F526393</attributeRef>
</usedAttributes>
</identifier>
</identifiers>
</Entity>
