<?xml version = '1.0' encoding = 'UTF-8'?>
<Entity class="oracle.dbtools.crest.model.design.logical.Entity" directorySegmentName="seg_0" id="8E585DCB-E31D-BF73-0B76-45CDF0E4D922" name="ATENCION_MEDICA">
<createdBy>Katherine</createdBy>
<createdTime>2025-09-12 14:55:17 UTC</createdTime>
<ownerDesignName>sumativarespaldo</ownerDesignName>
<engineerTo>
<item key="4B223BA7-A94A-F2DB-3953-A3884BF14293" value="true"/>
</engineerTo>
<adequatelyNormalized>NO</adequatelyNormalized>
<expectedVolumes>0</expectedVolumes>
<fwdEngineeringStrategyName>Single Table</fwdEngineeringStrategyName>
<growthPercent>0</growthPercent>
<growthType>Year</growthType>
<maxVolumes>9999999</maxVolumes>
<minVolumes>0</minVolumes>
<normalForm>Third</normalForm>
<attributes itemClass="oracle.dbtools.crest.model.design.logical.Attribute">
<Attribute name="id_atencion" id="E19BAAFC-4126-019F-6163-7537D5A0E21D">
<createdBy>Katherine</createdBy>
<createdTime>2025-09-12 14:55:30 UTC</createdTime>
<ownerDesignName>sumativarespaldo</ownerDesignName>
<engineerTo>
<item key="4B223BA7-A94A-F2DB-3953-A3884BF14293" value="true"/>
</engineerTo>
<useDomainConstraints>false</useDomainConstraints>
<use>1</use>
<logicalDatatype>LOGDT011</logicalDatatype>
<ownDataTypeParameters>,,</ownDataTypeParameters>
</Attribute>
<Attribute name="fecha_atencion" id="0C60CE0C-0346-688B-4E90-BCBE4EDC726F">
<createdBy>Katherine</createdBy>
<createdTime>2025-09-12 14:56:29 UTC</createdTime>
<ownerDesignName>sumativarespaldo</ownerDesignName>
<engineerTo>
<item key="4B223BA7-A94A-F2DB-3953-A3884BF14293" value="true"/>
</engineerTo>
<useDomainConstraints>false</useDomainConstraints>
<use>1</use>
<logicalDatatype>LOGDT007</logicalDatatype>
<ownDataTypeParameters>,,</ownDataTypeParameters>
</Attribute>
<Attribute name="id_paciente" id="4274CC07-0E36-8A9C-BF27-B2E89ADF89DB">
<createdBy>Katherine</createdBy>
<createdTime>2025-09-12 15:05:57 UTC</createdTime>
<generatorID>266334A6-4CC2-616D-3F48-171FA50C4C87</generatorID>
<ownerDesignName>sumativarespaldo</ownerDesignName>
<engineerTo>
<item key="4B223BA7-A94A-F2DB-3953-A3884BF14293" value="true"/>
</engineerTo>
<referedAttribute>034376E0-EDF3-6F6B-B5CD-A368D99E0DB3</referedAttribute>
<useDomainConstraints>false</useDomainConstraints>
<use>1</use>
<logicalDatatype>LOGDT011</logicalDatatype>
<ownDataTypeParameters>,,</ownDataTypeParameters>
</Attribute>
<Attribute name="diagnostico" id="1B0C56FE-B8D9-AB31-DD75-4EAA206FDD91">
<createdBy>Katherine</createdBy>
<createdTime>2025-09-12 18:55:05 UTC</createdTime>
<ownerDesignName>sumativarespaldo</ownerDesignName>
<engineerTo>
<item key="4B223BA7-A94A-F2DB-3953-A3884BF14293" value="true"/>
</engineerTo>
<useDomainConstraints>false</useDomainConstraints>
<use>1</use>
<logicalDatatype>LOGDT024</logicalDatatype>
<dataTypeSize>100 CHAR</dataTypeSize>
<ownDataTypeParameters>100 CHAR,,</ownDataTypeParameters>
</Attribute>
<Attribute name="fecha_registro" id="0F2626E1-CFAF-6A14-334C-91A8D95E9EC2">
<createdBy>Katherine</createdBy>
<createdTime>2025-09-12 19:18:46 UTC</createdTime>
<ownerDesignName>sumativarespaldo</ownerDesignName>
<engineerTo>
<item key="4B223BA7-A94A-F2DB-3953-A3884BF14293" value="true"/>
</engineerTo>
<nullsAllowed>true</nullsAllowed>
<useDomainConstraints>false</useDomainConstraints>
<use>1</use>
<logicalDatatype>LOGDT007</logicalDatatype>
<ownDataTypeParameters>,,</ownDataTypeParameters>
</Attribute>
<Attribute name="usuario_registro" id="BA47C57B-C040-94B0-4749-77C97ECD1561">
<createdBy>Katherine</createdBy>
<createdTime>2025-09-12 19:18:59 UTC</createdTime>
<ownerDesignName>sumativarespaldo</ownerDesignName>
<engineerTo>
<item key="4B223BA7-A94A-F2DB-3953-A3884BF14293" value="true"/>
</engineerTo>
<nullsAllowed>true</nullsAllowed>
<useDomainConstraints>false</useDomainConstraints>
<use>1</use>
<logicalDatatype>LOGDT024</logicalDatatype>
<dataTypeSize>30 CHAR</dataTypeSize>
<ownDataTypeParameters>30 CHAR,,</ownDataTypeParameters>
</Attribute>
<Attribute name="fecha_modificacion" id="16BE0080-667D-6CCC-74C1-D63778EBD9C7">
<createdBy>Katherine</createdBy>
<createdTime>2025-09-12 19:19:51 UTC</createdTime>
<ownerDesignName>sumativarespaldo</ownerDesignName>
<engineerTo>
<item key="4B223BA7-A94A-F2DB-3953-A3884BF14293" value="true"/>
</engineerTo>
<nullsAllowed>true</nullsAllowed>
<useDomainConstraints>false</useDomainConstraints>
<use>1</use>
<logicalDatatype>LOGDT007</logicalDatatype>
<ownDataTypeParameters>,,</ownDataTypeParameters>
</Attribute>
<Attribute name="id_medico" id="6D3FF863-8CF4-D006-5BB4-BAC72DE2A40B">
<createdBy>Katherine</createdBy>
<createdTime>2025-09-12 21:14:31 UTC</createdTime>
<generatorID>2259A0D5-12BE-D61C-BB00-065988722C0B</generatorID>
<ownerDesignName>sumativarespaldo</ownerDesignName>
<engineerTo>
<item key="4B223BA7-A94A-F2DB-3953-A3884BF14293" value="true"/>
</engineerTo>
<referedAttribute>FED7872D-61B9-930F-7B9D-E7B1908FDB65</referedAttribute>
<use>1</use>
<logicalDatatype>LOGDT011</logicalDatatype>
<ownDataTypeParameters>,,</ownDataTypeParameters>
</Attribute>
<Attribute name="id_tipo_atencion" id="FB4E513D-596F-816B-768A-CFD264EBE559">
<createdBy>Katherine</createdBy>
<createdTime>2025-09-12 21:22:30 UTC</createdTime>
<generatorID>DA2CD7CD-5E22-CFAD-EC02-A61E7842C7F1</generatorID>
<ownerDesignName>sumativarespaldo</ownerDesignName>
<engineerTo>
<item key="4B223BA7-A94A-F2DB-3953-A3884BF14293" value="true"/>
</engineerTo>
<referedAttribute>DA038169-47D5-8DE6-665D-A6DF5A9DBF15</referedAttribute>
<useDomainConstraints>false</useDomainConstraints>
<use>1</use>
<logicalDatatype>LOGDT011</logicalDatatype>
<ownDataTypeParameters>,,</ownDataTypeParameters>
</Attribute>
<Attribute name="id_modalidad" id="BA2F033A-A2AA-5FE5-66E8-A27A5521E34E">
<createdBy>Katherine</createdBy>
<createdTime>2025-09-12 21:56:27 UTC</createdTime>
<generatorID>0806B8AC-D682-5734-38EB-95F83357348A</generatorID>
<ownerDesignName>sumativarespaldo</ownerDesignName>
<engineerTo>
<item key="4B223BA7-A94A-F2DB-3953-A3884BF14293" value="true"/>
</engineerTo>
<referedAttribute>744FF79C-2707-AD4B-69DE-716D3DC7010C</referedAttribute>
<useDomainConstraints>false</useDomainConstraints>
<use>1</use>
<logicalDatatype>LOGDT011</logicalDatatype>
<ownDataTypeParameters>,,</ownDataTypeParameters>
</Attribute>
<Attribute name="id_derivacion" id="663E949B-A2AC-F5B3-06A0-06CDB229D45D">
<createdBy>Katherine</createdBy>
<createdTime>2025-09-12 23:13:13 UTC</createdTime>
<generatorID>00E0ED2A-9E5D-41E2-9D7C-4E0B3CAF6247</generatorID>
<ownerDesignName>sumativarespaldo</ownerDesignName>
<engineerTo>
<item key="4B223BA7-A94A-F2DB-3953-A3884BF14293" value="true"/>
</engineerTo>
<referedAttribute>21AFADDD-CCBD-5B27-C95F-2A22C9CDB548</referedAttribute>
<useDomainConstraints>false</useDomainConstraints>
<use>1</use>
<logicalDatatype>LOGDT011</logicalDatatype>
<ownDataTypeParameters>,,</ownDataTypeParameters>
</Attribute>
</attributes>
<identifiers itemClass="oracle.dbtools.crest.model.design.logical.CandidateKey">
<identifier id="AA530F6D-8E58-F5C0-75C8-104CB1521051" name="ATENCION_MEDICA PK">
<createdBy>Katherine</createdBy>
<createdTime>2025-09-12 14:56:28 UTC</createdTime>
<ownerDesignName>sumativarespaldo</ownerDesignName>
<engineerTo>
<item key="4B223BA7-A94A-F2DB-3953-A3884BF14293" value="true"/>
</engineerTo>
<pk>true</pk>
<usedAttributes>
<attributeRef>E19BAAFC-4126-019F-6163-7537D5A0E21D</attributeRef>
</usedAttributes>
</identifier>
</identifiers>
</Entity>
