<?xml version = '1.0' encoding = 'UTF-8'?>
<Entity class="oracle.dbtools.crest.model.design.logical.Entity" directorySegmentName="seg_0" id="962F16CB-7F2F-4C9E-EFB0-926DF5A24949" name="EXAMEN">
<createdBy>Katherine</createdBy>
<createdTime>2025-09-12 19:20:56 UTC</createdTime>
<ownerDesignName>sumativarespaldo</ownerDesignName>
<engineerTo>
<item key="4B223BA7-A94A-F2DB-3953-A3884BF14293" value="true"/>
</engineerTo>
<adequatelyNormalized>NO</adequatelyNormalized>
<expectedVolumes>0</expectedVolumes>
<fwdEngineeringStrategyName>Single Table</fwdEngineeringStrategyName>
<growthPercent>0</growthPercent>
<growthType>Year</growthType>
<maxVolumes>9999999</maxVolumes>
<minVolumes>0</minVolumes>
<normalForm>Third</normalForm>
<attributes itemClass="oracle.dbtools.crest.model.design.logical.Attribute">
<Attribute name="codigo" id="FEE1E32D-ED88-D733-43D8-BE933814759B">
<createdBy>Katherine</createdBy>
<createdTime>2025-09-12 19:21:07 UTC</createdTime>
<ownerDesignName>sumativarespaldo</ownerDesignName>
<engineerTo>
<item key="4B223BA7-A94A-F2DB-3953-A3884BF14293" value="true"/>
</engineerTo>
<useDomainConstraints>false</useDomainConstraints>
<use>1</use>
<logicalDatatype>LOGDT011</logicalDatatype>
<ownDataTypeParameters>,,</ownDataTypeParameters>
</Attribute>
<Attribute name="nombre" id="F5927198-8243-7265-314E-3169246E5E8B">
<createdBy>Katherine</createdBy>
<createdTime>2025-09-12 19:21:22 UTC</createdTime>
<ownerDesignName>sumativarespaldo</ownerDesignName>
<engineerTo>
<item key="4B223BA7-A94A-F2DB-3953-A3884BF14293" value="true"/>
</engineerTo>
<useDomainConstraints>false</useDomainConstraints>
<use>1</use>
<logicalDatatype>LOGDT024</logicalDatatype>
<dataTypeSize>30 CHAR</dataTypeSize>
<ownDataTypeParameters>30 CHAR,,</ownDataTypeParameters>
</Attribute>
<Attribute name="tipo_muestra" id="B065D5A3-1934-6D59-0117-F20FA71B8A01">
<createdBy>Katherine</createdBy>
<createdTime>2025-09-12 19:21:56 UTC</createdTime>
<ownerDesignName>sumativarespaldo</ownerDesignName>
<engineerTo>
<item key="4B223BA7-A94A-F2DB-3953-A3884BF14293" value="true"/>
</engineerTo>
<useDomainConstraints>false</useDomainConstraints>
<use>1</use>
<logicalDatatype>LOGDT024</logicalDatatype>
<dataTypeSize>30 CHAR</dataTypeSize>
<ownDataTypeParameters>30 CHAR,,</ownDataTypeParameters>
</Attribute>
<Attribute name="condicion_prep" id="1A09EEE1-E252-CE9E-6A18-C04250B82D85">
<createdBy>Katherine</createdBy>
<createdTime>2025-09-12 19:23:11 UTC</createdTime>
<ownerDesignName>sumativarespaldo</ownerDesignName>
<engineerTo>
<item key="4B223BA7-A94A-F2DB-3953-A3884BF14293" value="true"/>
</engineerTo>
<useDomainConstraints>false</useDomainConstraints>
<use>1</use>
<logicalDatatype>LOGDT024</logicalDatatype>
<dataTypeSize>30 CHAR</dataTypeSize>
<ownDataTypeParameters>30 CHAR,,</ownDataTypeParameters>
</Attribute>
<Attribute name="id_derivacion" id="D6A9625D-4B51-D4CC-AC2F-776675857060">
<createdBy>Katherine</createdBy>
<createdTime>2025-09-12 21:52:23 UTC</createdTime>
<generatorID>616578BA-5E36-5D8A-D197-2460B58CB606</generatorID>
<ownerDesignName>sumativarespaldo</ownerDesignName>
<engineerTo>
<item key="4B223BA7-A94A-F2DB-3953-A3884BF14293" value="true"/>
</engineerTo>
<referedAttribute>21AFADDD-CCBD-5B27-C95F-2A22C9CDB548</referedAttribute>
<useDomainConstraints>false</useDomainConstraints>
<use>1</use>
<logicalDatatype>LOGDT011</logicalDatatype>
<ownDataTypeParameters>,,</ownDataTypeParameters>
</Attribute>
</attributes>
<identifiers itemClass="oracle.dbtools.crest.model.design.logical.CandidateKey">
<identifier id="180241BE-BFED-C31C-4F4D-365DE6287ADF" name="EXAMEN_LABORATORIO PK">
<createdBy>Katherine</createdBy>
<createdTime>2025-09-12 19:21:21 UTC</createdTime>
<ownerDesignName>sumativarespaldo</ownerDesignName>
<engineerTo>
<item key="4B223BA7-A94A-F2DB-3953-A3884BF14293" value="true"/>
</engineerTo>
<pk>true</pk>
<usedAttributes>
<attributeRef>FEE1E32D-ED88-D733-43D8-BE933814759B</attributeRef>
</usedAttributes>
</identifier>
<identifier id="2C2F6F9C-2CFF-9B49-94AC-CEB910A8851D" name="UK_EXAMEN_NOMBRE_TIPO">
<createdBy>Katherine</createdBy>
<createdTime>2025-09-12 23:02:38 UTC</createdTime>
<ownerDesignName>sumativarespaldo</ownerDesignName>
<shouldEngineer>false</shouldEngineer>
<engineerTo>
<item key="4B223BA7-A94A-F2DB-3953-A3884BF14293" value="false"/>
</engineerTo>
<newElementsIDs>F5927198-8243-7265-314E-3169246E5E8B,B065D5A3-1934-6D59-0117-F20FA71B8A01</newElementsIDs>
<usedAttributes>
<attributeRef>F5927198-8243-7265-314E-3169246E5E8B</attributeRef>
<attributeRef>B065D5A3-1934-6D59-0117-F20FA71B8A01</attributeRef>
</usedAttributes>
</identifier>
</identifiers>
</Entity>
