<?xml version = '1.0' encoding = 'UTF-8'?>
<Entity class="oracle.dbtools.crest.model.design.logical.Entity" directorySegmentName="seg_0" id="BB1F2A17-1D01-04EF-A8F2-6ECBF423EB14" name="MEDICO">
<createdBy>Katherine</createdBy>
<createdTime>2025-09-12 15:02:34 UTC</createdTime>
<ownerDesignName>sumativarespaldo</ownerDesignName>
<engineerTo>
<item key="4B223BA7-A94A-F2DB-3953-A3884BF14293" value="true"/>
</engineerTo>
<adequatelyNormalized>NO</adequatelyNormalized>
<expectedVolumes>0</expectedVolumes>
<fwdEngineeringStrategyName>Single Table</fwdEngineeringStrategyName>
<growthPercent>0</growthPercent>
<growthType>Year</growthType>
<maxVolumes>9999999</maxVolumes>
<minVolumes>0</minVolumes>
<normalForm>Third</normalForm>
<attributes itemClass="oracle.dbtools.crest.model.design.logical.Attribute">
<Attribute name="id_medico" id="FED7872D-61B9-930F-7B9D-E7B1908FDB65">
<createdBy>Katherine</createdBy>
<createdTime>2025-09-12 15:02:43 UTC</createdTime>
<ownerDesignName>sumativarespaldo</ownerDesignName>
<engineerTo>
<item key="4B223BA7-A94A-F2DB-3953-A3884BF14293" value="true"/>
</engineerTo>
<useDomainConstraints>false</useDomainConstraints>
<use>1</use>
<logicalDatatype>LOGDT011</logicalDatatype>
<ownDataTypeParameters>,,</ownDataTypeParameters>
</Attribute>
<Attribute name="run" id="5EF2A0EB-7AA6-E96B-E1E6-FF406BF9D83E">
<createdBy>Katherine</createdBy>
<createdTime>2025-09-12 16:41:59 UTC</createdTime>
<ownerDesignName>sumativarespaldo</ownerDesignName>
<engineerTo>
<item key="4B223BA7-A94A-F2DB-3953-A3884BF14293" value="true"/>
</engineerTo>
<constraintName>CK_RUT_FORMATO</constraintName>
<useDomainConstraints>false</useDomainConstraints>
<use>1</use>
<logicalDatatype>LOGDT024</logicalDatatype>
<dataTypeSize>10 CHAR</dataTypeSize>
<checkConstraint>
<implementationDef dbType="Generic Constraint" definition="7 - 8 digitos + &quot;-&quot; + digito/K"/>
</checkConstraint>
<ownDataTypeParameters>10 CHAR,,</ownDataTypeParameters>
<listOfRanges>
<rangeDef class="oracle.dbtools.crest.model.design.constraint.AVT">
<beginValue>9</beginValue>
<endValue>10</endValue>
<description>longitud min y max</description>
</rangeDef>
</listOfRanges>
</Attribute>
<Attribute name="dv" id="44D3BE25-DE21-E0F4-C7A3-54A922CF972D">
<createdBy>Katherine</createdBy>
<createdTime>2025-09-12 17:52:13 UTC</createdTime>
<ownerDesignName>sumativarespaldo</ownerDesignName>
<engineerTo>
<item key="4B223BA7-A94A-F2DB-3953-A3884BF14293" value="true"/>
</engineerTo>
<constraintName>CK_MEDICO</constraintName>
<useDomainConstraints>false</useDomainConstraints>
<use>1</use>
<logicalDatatype>LOGDT025</logicalDatatype>
<dataTypeSize>1 CHAR</dataTypeSize>
<listOfValues>
<valueDef value="&quot;1&quot;" description=""/>
<valueDef value="&quot;2&quot;" description=""/>
<valueDef value="&quot;3&quot;" description=""/>
<valueDef value="&quot;4&quot;" description=""/>
<valueDef value="&quot;5&quot;" description=""/>
<valueDef value="&quot;6&quot;" description=""/>
<valueDef value="&quot;7&quot;" description=""/>
<valueDef value="&quot;8&quot;" description=""/>
<valueDef value="&quot;9&quot;" description=""/>
<valueDef value="&quot;K&quot;" description=""/>
</listOfValues>
<ownDataTypeParameters>1 CHAR,,</ownDataTypeParameters>
</Attribute>
<Attribute name="nombre" id="B5B216DD-D663-0792-0432-EFB08CCFB9A8">
<createdBy>Katherine</createdBy>
<createdTime>2025-09-12 15:03:00 UTC</createdTime>
<ownerDesignName>sumativarespaldo</ownerDesignName>
<engineerTo>
<item key="4B223BA7-A94A-F2DB-3953-A3884BF14293" value="true"/>
</engineerTo>
<useDomainConstraints>false</useDomainConstraints>
<use>1</use>
<logicalDatatype>LOGDT024</logicalDatatype>
<dataTypeSize>50 CHAR</dataTypeSize>
<ownDataTypeParameters>50 CHAR,,</ownDataTypeParameters>
</Attribute>
<Attribute name="apellido" id="4EE63C59-AD61-6A01-0207-5F3B701751EF">
<createdBy>Katherine</createdBy>
<createdTime>2025-09-12 17:01:24 UTC</createdTime>
<ownerDesignName>sumativarespaldo</ownerDesignName>
<engineerTo>
<item key="4B223BA7-A94A-F2DB-3953-A3884BF14293" value="true"/>
</engineerTo>
<useDomainConstraints>false</useDomainConstraints>
<use>1</use>
<logicalDatatype>LOGDT024</logicalDatatype>
<dataTypeSize>50</dataTypeSize>
<ownDataTypeParameters>50,,</ownDataTypeParameters>
</Attribute>
<Attribute name="fecha_ingreso" id="C663B66D-5376-38A2-40D9-6CDA75267524">
<createdBy>Katherine</createdBy>
<createdTime>2025-09-12 15:03:07 UTC</createdTime>
<ownerDesignName>sumativarespaldo</ownerDesignName>
<engineerTo>
<item key="4B223BA7-A94A-F2DB-3953-A3884BF14293" value="true"/>
</engineerTo>
<useDomainConstraints>false</useDomainConstraints>
<use>1</use>
<logicalDatatype>LOGDT007</logicalDatatype>
<ownDataTypeParameters>,,</ownDataTypeParameters>
</Attribute>
<Attribute name="id_afp" id="B369EF8A-C6B0-3EDA-6985-B19484F6EC3F">
<createdBy>Katherine</createdBy>
<createdTime>2025-09-12 20:44:03 UTC</createdTime>
<generatorID>F870F280-F149-B454-B2E0-56AFD7780AA7</generatorID>
<ownerDesignName>sumativarespaldo</ownerDesignName>
<engineerTo>
<item key="4B223BA7-A94A-F2DB-3953-A3884BF14293" value="true"/>
</engineerTo>
<referedAttribute>D5C45C11-38B3-712F-80CA-65F72386E074</referedAttribute>
<useDomainConstraints>false</useDomainConstraints>
<use>1</use>
<logicalDatatype>LOGDT011</logicalDatatype>
<ownDataTypeParameters>,,</ownDataTypeParameters>
</Attribute>
<Attribute name="id_salud" id="7A7770FC-3C92-6349-F4CE-CCFBF336BECC">
<createdBy>Katherine</createdBy>
<createdTime>2025-09-12 20:45:26 UTC</createdTime>
<generatorID>9DEA10B1-CA34-A01D-A36E-BD6B08581D89</generatorID>
<ownerDesignName>sumativarespaldo</ownerDesignName>
<engineerTo>
<item key="4B223BA7-A94A-F2DB-3953-A3884BF14293" value="true"/>
</engineerTo>
<referedAttribute>7F37DB9C-E8F4-076A-60DB-8A259AE52577</referedAttribute>
<useDomainConstraints>false</useDomainConstraints>
<use>1</use>
<logicalDatatype>LOGDT011</logicalDatatype>
<ownDataTypeParameters>,,</ownDataTypeParameters>
</Attribute>
<Attribute name="id_medico1" id="4F987358-1A9E-4426-4D73-69963281CBA3">
<createdBy>Katherine</createdBy>
<createdTime>2025-09-13 01:30:32 UTC</createdTime>
<generatorID>82D17975-27B3-B574-8B64-B49FAF7E5A98</generatorID>
<ownerDesignName>sumativarespaldo</ownerDesignName>
<engineerTo>
<item key="4B223BA7-A94A-F2DB-3953-A3884BF14293" value="true"/>
</engineerTo>
<nullsAllowed>true</nullsAllowed>
<referedAttribute>FED7872D-61B9-930F-7B9D-E7B1908FDB65</referedAttribute>
<useDomainConstraints>false</useDomainConstraints>
<use>1</use>
<logicalDatatype>LOGDT011</logicalDatatype>
<ownDataTypeParameters>,,</ownDataTypeParameters>
</Attribute>
<Attribute name="id_esp" id="8EA644E1-138D-4D4F-9E75-F78C8CDB989C">
<createdBy>Katherine</createdBy>
<createdTime>2025-09-13 03:29:56 UTC</createdTime>
<generatorID>A3593679-AE63-C686-C863-2BE8BD8C55F4</generatorID>
<ownerDesignName>sumativarespaldo</ownerDesignName>
<engineerTo>
<item key="4B223BA7-A94A-F2DB-3953-A3884BF14293" value="true"/>
</engineerTo>
<referedAttribute>C8AF98E3-278A-B829-1355-B3ADD60484D8</referedAttribute>
<useDomainConstraints>false</useDomainConstraints>
<use>1</use>
<logicalDatatype>LOGDT011</logicalDatatype>
<ownDataTypeParameters>,,</ownDataTypeParameters>
</Attribute>
</attributes>
<identifiers itemClass="oracle.dbtools.crest.model.design.logical.CandidateKey">
<identifier id="95FD93E2-79BD-9514-40BA-3A717350426A" name="MEDICO PK">
<createdBy>Katherine</createdBy>
<createdTime>2025-09-12 15:02:53 UTC</createdTime>
<ownerDesignName>sumativarespaldo</ownerDesignName>
<engineerTo>
<item key="4B223BA7-A94A-F2DB-3953-A3884BF14293" value="true"/>
</engineerTo>
<pk>true</pk>
<usedAttributes>
<attributeRef>FED7872D-61B9-930F-7B9D-E7B1908FDB65</attributeRef>
</usedAttributes>
</identifier>
<identifier id="90C436A3-F9F6-976D-F85D-CF97EF48216D" name="UK_MEDICO_RUN">
<createdBy>Katherine</createdBy>
<createdTime>2025-09-12 17:54:03 UTC</createdTime>
<ownerDesignName>sumativarespaldo</ownerDesignName>
<shouldEngineer>false</shouldEngineer>
<engineerTo>
<item key="4B223BA7-A94A-F2DB-3953-A3884BF14293" value="false"/>
</engineerTo>
<newElementsIDs>5EF2A0EB-7AA6-E96B-E1E6-FF406BF9D83E</newElementsIDs>
<usedAttributes>
<attributeRef>5EF2A0EB-7AA6-E96B-E1E6-FF406BF9D83E</attributeRef>
</usedAttributes>
</identifier>
<identifier id="D65A0C45-B76A-8B6E-4330-9F053DB541D4" name="UK_MEDICO_DV">
<createdBy>Katherine</createdBy>
<createdTime>2025-09-12 17:57:07 UTC</createdTime>
<ownerDesignName>sumativarespaldo</ownerDesignName>
<shouldEngineer>false</shouldEngineer>
<engineerTo>
<item key="4B223BA7-A94A-F2DB-3953-A3884BF14293" value="false"/>
</engineerTo>
<newElementsIDs>44D3BE25-DE21-E0F4-C7A3-54A922CF972D</newElementsIDs>
<usedAttributes>
<attributeRef>44D3BE25-DE21-E0F4-C7A3-54A922CF972D</attributeRef>
</usedAttributes>
</identifier>
</identifiers>
</Entity>
