<?xml version = '1.0' encoding = 'UTF-8'?>
<Entity class="oracle.dbtools.crest.model.design.logical.Entity" directorySegmentName="seg_0" id="CF6174CA-7CDF-4184-AA79-751AC2A44320" name="CONVENIO">
<createdBy>Katherine</createdBy>
<createdTime>2025-09-12 18:04:48 UTC</createdTime>
<ownerDesignName>sumativarespaldo</ownerDesignName>
<engineerTo>
<item key="4B223BA7-A94A-F2DB-3953-A3884BF14293" value="true"/>
</engineerTo>
<adequatelyNormalized>NO</adequatelyNormalized>
<expectedVolumes>0</expectedVolumes>
<fwdEngineeringStrategyName>Single Table</fwdEngineeringStrategyName>
<growthPercent>0</growthPercent>
<growthType>Year</growthType>
<hierarchicalParent>16832D5D-131C-D015-DD3A-116BDE71B9EC</hierarchicalParent>
<maxVolumes>9999999</maxVolumes>
<minVolumes>0</minVolumes>
<normalForm>Third</normalForm>
<attributes itemClass="oracle.dbtools.crest.model.design.logical.Attribute">
<Attribute name="id_convenio" id="C23CFD1F-D157-BBEE-C2E0-54544BF0981E">
<createdBy>Katherine</createdBy>
<createdTime>2025-09-12 18:04:54 UTC</createdTime>
<ownerDesignName>sumativarespaldo</ownerDesignName>
<engineerTo>
<item key="4B223BA7-A94A-F2DB-3953-A3884BF14293" value="true"/>
</engineerTo>
<useDomainConstraints>false</useDomainConstraints>
<use>1</use>
<logicalDatatype>LOGDT011</logicalDatatype>
<ownDataTypeParameters>,,</ownDataTypeParameters>
</Attribute>
<Attribute name="descripcion" id="726D4A8B-BD05-B231-FD93-729501D70D9C">
<createdBy>Katherine</createdBy>
<createdTime>2025-09-12 18:05:05 UTC</createdTime>
<ownerDesignName>sumativarespaldo</ownerDesignName>
<engineerTo>
<item key="4B223BA7-A94A-F2DB-3953-A3884BF14293" value="true"/>
</engineerTo>
<useDomainConstraints>false</useDomainConstraints>
<use>1</use>
<logicalDatatype>LOGDT024</logicalDatatype>
<dataTypeSize>50 CHAR</dataTypeSize>
<ownDataTypeParameters>50 CHAR,,</ownDataTypeParameters>
</Attribute>
</attributes>
<identifiers itemClass="oracle.dbtools.crest.model.design.logical.CandidateKey">
<identifier id="22FEAE92-C31D-53E6-90DA-9D82BEFA07D3" name="CONVENIO PK">
<createdBy>Katherine</createdBy>
<createdTime>2025-09-12 18:05:04 UTC</createdTime>
<ownerDesignName>sumativarespaldo</ownerDesignName>
<engineerTo>
<item key="4B223BA7-A94A-F2DB-3953-A3884BF14293" value="true"/>
</engineerTo>
<pk>true</pk>
<usedAttributes>
<attributeRef>C23CFD1F-D157-BBEE-C2E0-54544BF0981E</attributeRef>
</usedAttributes>
</identifier>
</identifiers>
</Entity>
