<?xml version = '1.0' encoding = 'UTF-8'?>
<Entity class="oracle.dbtools.crest.model.design.logical.Entity" directorySegmentName="seg_0" id="D59DFFAF-C30E-6E9D-2F99-6F3ED95434AF" name="PACIENTE">
<createdBy>Katherine</createdBy>
<createdTime>2025-09-12 15:01:13 UTC</createdTime>
<ownerDesignName>sumativarespaldo</ownerDesignName>
<engineerTo>
<item key="4B223BA7-A94A-F2DB-3953-A3884BF14293" value="true"/>
</engineerTo>
<adequatelyNormalized>NO</adequatelyNormalized>
<expectedVolumes>0</expectedVolumes>
<fwdEngineeringStrategyName>Single Table</fwdEngineeringStrategyName>
<growthPercent>0</growthPercent>
<growthType>Year</growthType>
<maxVolumes>9999999</maxVolumes>
<minVolumes>0</minVolumes>
<normalForm>Third</normalForm>
<attributes itemClass="oracle.dbtools.crest.model.design.logical.Attribute">
<Attribute name="id_paciente" id="034376E0-EDF3-6F6B-B5CD-A368D99E0DB3">
<createdBy>Katherine</createdBy>
<createdTime>2025-09-12 15:01:20 UTC</createdTime>
<ownerDesignName>sumativarespaldo</ownerDesignName>
<engineerTo>
<item key="4B223BA7-A94A-F2DB-3953-A3884BF14293" value="true"/>
</engineerTo>
<useDomainConstraints>false</useDomainConstraints>
<use>1</use>
<logicalDatatype>LOGDT011</logicalDatatype>
<ownDataTypeParameters>,,</ownDataTypeParameters>
</Attribute>
<Attribute name="run" id="544CEA5F-B11C-D7A1-14A7-1E207977BC87">
<createdBy>Katherine</createdBy>
<createdTime>2025-09-12 16:40:14 UTC</createdTime>
<ownerDesignName>sumativarespaldo</ownerDesignName>
<engineerTo>
<item key="4B223BA7-A94A-F2DB-3953-A3884BF14293" value="true"/>
</engineerTo>
<constraintName>CK_PACIENTE_RUN</constraintName>
<useDomainConstraints>false</useDomainConstraints>
<use>1</use>
<logicalDatatype>LOGDT024</logicalDatatype>
<dataTypeSize>8 CHAR</dataTypeSize>
<checkConstraint>
<implementationDef dbType="Generic Constraint" definition="7 - 8 digitos"/>
</checkConstraint>
<ownDataTypeParameters>8 CHAR,,</ownDataTypeParameters>
<listOfRanges>
<rangeDef class="oracle.dbtools.crest.model.design.constraint.AVT">
<beginValue>7</beginValue>
<endValue>8</endValue>
<description>longitud min y max</description>
</rangeDef>
</listOfRanges>
</Attribute>
<Attribute name="dv" id="FCCDC9E8-C392-BE34-F459-271D1A750121">
<createdBy>Katherine</createdBy>
<createdTime>2025-09-12 17:32:20 UTC</createdTime>
<ownerDesignName>sumativarespaldo</ownerDesignName>
<engineerTo>
<item key="4B223BA7-A94A-F2DB-3953-A3884BF14293" value="true"/>
</engineerTo>
<constraintName>CK_PACIENTE_DV</constraintName>
<useDomainConstraints>false</useDomainConstraints>
<use>1</use>
<logicalDatatype>LOGDT025</logicalDatatype>
<dataTypeSize>1 CHAR</dataTypeSize>
<listOfValues>
<valueDef value="&quot;1&quot;" description=""/>
<valueDef value="&quot;2&quot;" description=""/>
<valueDef value="&quot;3&quot;" description=""/>
<valueDef value="&quot;4&quot;" description=""/>
<valueDef value="&quot;5&quot;" description=""/>
<valueDef value="&quot;6&quot;" description=""/>
<valueDef value="&quot;7&quot;" description=""/>
<valueDef value="&quot;8&quot;" description=""/>
<valueDef value="&quot;9&quot;" description=""/>
<valueDef value="&quot;K&quot;" description=""/>
</listOfValues>
<ownDataTypeParameters>1 CHAR,,</ownDataTypeParameters>
</Attribute>
<Attribute name="nombre" id="239D0423-C85B-A61B-E25F-B7251E989764">
<createdBy>Katherine</createdBy>
<createdTime>2025-09-12 15:02:06 UTC</createdTime>
<ownerDesignName>sumativarespaldo</ownerDesignName>
<engineerTo>
<item key="4B223BA7-A94A-F2DB-3953-A3884BF14293" value="true"/>
</engineerTo>
<useDomainConstraints>false</useDomainConstraints>
<use>1</use>
<logicalDatatype>LOGDT024</logicalDatatype>
<dataTypeSize>30 CHAR</dataTypeSize>
<ownDataTypeParameters>30 CHAR,,</ownDataTypeParameters>
</Attribute>
<Attribute name="apellido" id="FCC72D1D-5584-9A04-D1BF-5B33F1670606">
<createdBy>Katherine</createdBy>
<createdTime>2025-09-12 15:55:35 UTC</createdTime>
<ownerDesignName>sumativarespaldo</ownerDesignName>
<engineerTo>
<item key="4B223BA7-A94A-F2DB-3953-A3884BF14293" value="true"/>
</engineerTo>
<useDomainConstraints>false</useDomainConstraints>
<use>1</use>
<logicalDatatype>LOGDT024</logicalDatatype>
<dataTypeSize>50 CHAR</dataTypeSize>
<ownDataTypeParameters>50 CHAR,,</ownDataTypeParameters>
</Attribute>
<Attribute name="fecha_nac" id="49CA3B7D-2BBF-DFEE-AAC7-BB4F56508572">
<createdBy>Katherine</createdBy>
<createdTime>2025-09-12 16:50:27 UTC</createdTime>
<ownerDesignName>sumativarespaldo</ownerDesignName>
<engineerTo>
<item key="4B223BA7-A94A-F2DB-3953-A3884BF14293" value="true"/>
</engineerTo>
<useDomainConstraints>false</useDomainConstraints>
<use>1</use>
<logicalDatatype>LOGDT007</logicalDatatype>
<ownDataTypeParameters>,,</ownDataTypeParameters>
</Attribute>
<Attribute name="direccion" id="5E0250AB-FC30-90EB-FBEF-327EBBBB841D">
<createdBy>Katherine</createdBy>
<createdTime>2025-09-12 17:16:45 UTC</createdTime>
<ownerDesignName>sumativarespaldo</ownerDesignName>
<engineerTo>
<item key="4B223BA7-A94A-F2DB-3953-A3884BF14293" value="true"/>
</engineerTo>
<constraintName>CK_PACIENTE_DIRECCION</constraintName>
<useDomainConstraints>false</useDomainConstraints>
<use>1</use>
<logicalDatatype>LOGDT024</logicalDatatype>
<dataTypeSize>100 CHAR</dataTypeSize>
<checkConstraint>
<implementationDef dbType="Generic Constraint" definition="calle + numero"/>
</checkConstraint>
<ownDataTypeParameters>100 CHAR,,</ownDataTypeParameters>
</Attribute>
<Attribute name="id_comuna" id="43777ED6-F550-864E-409E-C4D155858042">
<createdBy>Katherine</createdBy>
<createdTime>2025-09-12 20:55:06 UTC</createdTime>
<generatorID>A1E9E600-45F1-6A50-05E2-C592ED0A50BD</generatorID>
<ownerDesignName>sumativarespaldo</ownerDesignName>
<engineerTo>
<item key="4B223BA7-A94A-F2DB-3953-A3884BF14293" value="true"/>
</engineerTo>
<referedAttribute>AF1D5552-6EC9-873C-60F9-DAF553218558</referedAttribute>
<useDomainConstraints>false</useDomainConstraints>
<use>1</use>
<logicalDatatype>LOGDT011</logicalDatatype>
<ownDataTypeParameters>,,</ownDataTypeParameters>
</Attribute>
<Attribute name="id_usuario" id="B0339864-4E16-1631-1CDC-6E710C2588DD">
<createdBy>Katherine</createdBy>
<createdTime>2025-09-12 21:04:12 UTC</createdTime>
<generatorID>041B26AE-B563-A457-600A-18265A870371</generatorID>
<ownerDesignName>sumativarespaldo</ownerDesignName>
<engineerTo>
<item key="4B223BA7-A94A-F2DB-3953-A3884BF14293" value="true"/>
</engineerTo>
<referedAttribute>DD6A2C1C-4BB0-9718-8373-B01B89EEB81B</referedAttribute>
<useDomainConstraints>false</useDomainConstraints>
<use>1</use>
<logicalDatatype>LOGDT011</logicalDatatype>
<ownDataTypeParameters>,,</ownDataTypeParameters>
</Attribute>
<Attribute name="id_sexo" id="E2B6CB00-0A13-B46A-DF2D-004BBFF3A545">
<createdBy>Katherine</createdBy>
<createdTime>2025-09-12 21:04:47 UTC</createdTime>
<generatorID>8D1562F4-799E-AC3B-90EA-8484D2F764FD</generatorID>
<ownerDesignName>sumativarespaldo</ownerDesignName>
<engineerTo>
<item key="4B223BA7-A94A-F2DB-3953-A3884BF14293" value="true"/>
</engineerTo>
<referedAttribute>17600120-0848-A9B0-7CF0-A5BAF5E58110</referedAttribute>
<useDomainConstraints>false</useDomainConstraints>
<use>1</use>
<logicalDatatype>LOGDT011</logicalDatatype>
<ownDataTypeParameters>,,</ownDataTypeParameters>
</Attribute>
</attributes>
<identifiers itemClass="oracle.dbtools.crest.model.design.logical.CandidateKey">
<identifier id="34877595-BC37-0B83-C9A6-DC964A9F46D9" name="PACIENTE PK">
<createdBy>Katherine</createdBy>
<createdTime>2025-09-12 15:01:45 UTC</createdTime>
<ownerDesignName>sumativarespaldo</ownerDesignName>
<engineerTo>
<item key="4B223BA7-A94A-F2DB-3953-A3884BF14293" value="true"/>
</engineerTo>
<pk>true</pk>
<usedAttributes>
<attributeRef>034376E0-EDF3-6F6B-B5CD-A368D99E0DB3</attributeRef>
</usedAttributes>
</identifier>
<identifier id="53AA8A84-7986-EF31-DD76-795E60552D68" name="UK_PACIENTE_RUT">
<createdBy>Katherine</createdBy>
<createdTime>2025-09-12 17:43:18 UTC</createdTime>
<ownerDesignName>sumativarespaldo</ownerDesignName>
<shouldEngineer>false</shouldEngineer>
<engineerTo>
<item key="4B223BA7-A94A-F2DB-3953-A3884BF14293" value="false"/>
</engineerTo>
<newElementsIDs>544CEA5F-B11C-D7A1-14A7-1E207977BC87</newElementsIDs>
<usedAttributes>
<attributeRef>544CEA5F-B11C-D7A1-14A7-1E207977BC87</attributeRef>
</usedAttributes>
</identifier>
<identifier id="069FF3B0-9153-4CF2-78D6-25367EC7829B" name="UK_PACIENTE_DV">
<createdBy>Katherine</createdBy>
<createdTime>2025-09-12 17:49:46 UTC</createdTime>
<ownerDesignName>sumativarespaldo</ownerDesignName>
<shouldEngineer>false</shouldEngineer>
<engineerTo>
<item key="4B223BA7-A94A-F2DB-3953-A3884BF14293" value="false"/>
</engineerTo>
<newElementsIDs>FCCDC9E8-C392-BE34-F459-271D1A750121</newElementsIDs>
<usedAttributes>
<attributeRef>FCCDC9E8-C392-BE34-F459-271D1A750121</attributeRef>
</usedAttributes>
</identifier>
</identifiers>
</Entity>
