<?xml version = '1.0' encoding = 'UTF-8'?>
<Entity class="oracle.dbtools.crest.model.design.logical.Entity" directorySegmentName="seg_0" id="EB70B7A0-873B-7128-E669-BE20A722434A" name="SALUD">
<createdBy>Katherine</createdBy>
<createdTime>2025-09-12 17:57:36 UTC</createdTime>
<ownerDesignName>sumativarespaldo</ownerDesignName>
<engineerTo>
<item key="4B223BA7-A94A-F2DB-3953-A3884BF14293" value="true"/>
</engineerTo>
<adequatelyNormalized>NO</adequatelyNormalized>
<expectedVolumes>0</expectedVolumes>
<fwdEngineeringStrategyName>Single Table</fwdEngineeringStrategyName>
<growthPercent>0</growthPercent>
<growthType>Year</growthType>
<maxVolumes>9999999</maxVolumes>
<minVolumes>0</minVolumes>
<normalForm>Third</normalForm>
<attributes itemClass="oracle.dbtools.crest.model.design.logical.Attribute">
<Attribute name="id_salud" id="7F37DB9C-E8F4-076A-60DB-8A259AE52577">
<createdBy>Katherine</createdBy>
<createdTime>2025-09-12 17:57:40 UTC</createdTime>
<ownerDesignName>sumativarespaldo</ownerDesignName>
<engineerTo>
<item key="4B223BA7-A94A-F2DB-3953-A3884BF14293" value="true"/>
</engineerTo>
<useDomainConstraints>false</useDomainConstraints>
<use>1</use>
<logicalDatatype>LOGDT011</logicalDatatype>
<ownDataTypeParameters>,,</ownDataTypeParameters>
</Attribute>
<Attribute name="nombre" id="8BB367CE-CD5F-535F-BF7B-86F47AC08039">
<createdBy>Katherine</createdBy>
<createdTime>2025-09-12 17:57:53 UTC</createdTime>
<ownerDesignName>sumativarespaldo</ownerDesignName>
<engineerTo>
<item key="4B223BA7-A94A-F2DB-3953-A3884BF14293" value="true"/>
</engineerTo>
<useDomainConstraints>false</useDomainConstraints>
<use>1</use>
<logicalDatatype>LOGDT024</logicalDatatype>
<dataTypeSize>20 CHAR</dataTypeSize>
<ownDataTypeParameters>20 CHAR,,</ownDataTypeParameters>
</Attribute>
</attributes>
<identifiers itemClass="oracle.dbtools.crest.model.design.logical.CandidateKey">
<identifier id="FEC00CFC-9064-2A3C-ABFB-B4AF36212158" name="SALUD PK">
<createdBy>Katherine</createdBy>
<createdTime>2025-09-12 17:57:51 UTC</createdTime>
<ownerDesignName>sumativarespaldo</ownerDesignName>
<engineerTo>
<item key="4B223BA7-A94A-F2DB-3953-A3884BF14293" value="true"/>
</engineerTo>
<pk>true</pk>
<usedAttributes>
<attributeRef>7F37DB9C-E8F4-076A-60DB-8A259AE52577</attributeRef>
</usedAttributes>
</identifier>
<identifier id="C2A46D0D-EA00-65A0-E995-55F7A2217347" name="UK_SALUD_NOMBRE">
<createdBy>Katherine</createdBy>
<createdTime>2025-09-12 23:05:34 UTC</createdTime>
<ownerDesignName>sumativarespaldo</ownerDesignName>
<shouldEngineer>false</shouldEngineer>
<engineerTo>
<item key="4B223BA7-A94A-F2DB-3953-A3884BF14293" value="false"/>
</engineerTo>
<newElementsIDs>8BB367CE-CD5F-535F-BF7B-86F47AC08039</newElementsIDs>
<usedAttributes>
<attributeRef>8BB367CE-CD5F-535F-BF7B-86F47AC08039</attributeRef>
</usedAttributes>
</identifier>
</identifiers>
</Entity>
