<?xml version = '1.0' encoding = 'UTF-8'?>
<relationalModel class="oracle.dbtools.crest.model.design.relational.RelationalDesign" name="Relational_1" id="4B223BA7-A94A-F2DB-3953-A3884BF14293" mainViewID="BE1D1B6B-83BC-0CF3-47CD-26D8A26580A3">
<createdBy>Katherine</createdBy>
<createdTime>2025-09-12 14:24:07 UTC</createdTime>
<ownerDesignName>sumativarespaldo</ownerDesignName>
<shouldBeOpen>false</shouldBeOpen>
<selectedRDBMSSite>32076570-2523-435C-2E92-BF29817DFF70</selectedRDBMSSite>
</relationalModel>
