<?xml version = '1.0' encoding = 'UTF-8'?>
<Arc class="oracle.dbtools.crest.model.design.logical.Arc" directorySegmentName="seg_0" id="0358A777-D4F9-12EF-263E-BB9C94BA3B0D" name="Arc_1">
<createdBy>Katherine</createdBy>
<createdTime>2025-09-12 21:33:03 UTC</createdTime>
<ownerDesignName>sumativarespaldo</ownerDesignName>
<engineerTo>
<item key="4B223BA7-A94A-F2DB-3953-A3884BF14293" value="true"/>
</engineerTo>
<entity>16832D5D-131C-D015-DD3A-116BDE71B9EC</entity>
<relations>
<relationID>6592765E-0816-6CEE-960A-6C3230749F61</relationID>
<relationID>6A10BAA2-C7AE-4C67-3D3E-D9A0663AF955</relationID>
<relationID>27F6E793-F474-F28E-6E35-0F23550EF68C</relationID>
</relations>
</Arc>
