<?xml version = '1.0' encoding = 'UTF-8'?>
<Diagram class="oracle.dbtools.crest.swingui.logical.DPVLogical" name="Logical" id="7563DA5E-5678-05D5-EB9F-B141D230EF04">
<createdBy>Katherine</createdBy>
<modifiedBy>Katherine</modifiedBy>
<createdTime>2025-09-07 21:13:03 UTC</createdTime>
<autoRoute>false</autoRoute>
<boxInbox>false</boxInbox>
<showLegend>false</showLegend>
<showLabels>false</showLabels>
<showRelAttributes>false</showRelAttributes>
<gridEnabled>false</gridEnabled>
<showGrid>false</showGrid>
<diagramColor>-1</diagramColor>
<display>false</display>
<notation>1</notation>
<objectViews>
<OView class="oracle.dbtools.crest.swingui.logical.TVEntity" oid="006C7F88-8B46-667E-66BA-04FF479174D9" otype="Entity" vid="04F829B2-599E-C718-1C02-DBC793C8C1F4">
<hideElementsInCurrentOnly>false</hideElementsInCurrentOnly>
<bounds x="434" y="268" width="190" height="88"/>
</OView>
<OView class="oracle.dbtools.crest.swingui.logical.TVEntity" oid="0854563E-DA68-07EF-0E14-C18610593130" otype="Entity" vid="05AB506A-0A81-8234-B51E-CB2BB4F44FAF">
<hideElementsInCurrentOnly>false</hideElementsInCurrentOnly>
<bounds x="7" y="181" width="179" height="91"/>
</OView>
<OView class="oracle.dbtools.crest.swingui.logical.TVEntity" oid="408AE2EB-6400-0027-9730-CEDFDE52667D" otype="Entity" vid="CB0C838C-5E5C-04CF-A6F9-0A1ACC45BDDB">
<hideElementsInCurrentOnly>false</hideElementsInCurrentOnly>
<bounds x="13" y="85" width="167" height="78"/>
</OView>
<OView class="oracle.dbtools.crest.swingui.logical.TVEntity" oid="5174704E-54CB-F897-BB32-127E82D33984" otype="Entity" vid="12EA4619-3671-5390-82DC-2CBA43DCE451">
<hideElementsInCurrentOnly>false</hideElementsInCurrentOnly>
<bounds x="373" y="406" width="170" height="80"/>
</OView>
<OView class="oracle.dbtools.crest.swingui.logical.TVEntity" oid="602EF239-9D3B-5395-E995-8A7FAA54CA88" otype="Entity" vid="B1F5CA45-BC01-E0AA-B2D4-6F214437464D">
<hideElementsInCurrentOnly>false</hideElementsInCurrentOnly>
<bounds x="442" y="14" width="170" height="87"/>
</OView>
<OView class="oracle.dbtools.crest.swingui.logical.TVEntity" oid="6D683092-DEBF-03E6-E535-E5CB030B85C5" otype="Entity" vid="4EFC1752-3929-0DD0-7683-8175E55CA434">
<hideElementsInCurrentOnly>false</hideElementsInCurrentOnly>
<bounds x="638" y="269" width="170" height="77"/>
</OView>
<OView class="oracle.dbtools.crest.swingui.logical.TVEntity" oid="76A032D7-3E6C-5E7B-7FE3-48B955055FFB" otype="Entity" vid="850B2ED6-5639-BC53-D318-FA20518A3EA0">
<hideElementsInCurrentOnly>false</hideElementsInCurrentOnly>
<bounds x="559" y="372" width="168" height="86"/>
</OView>
<OView class="oracle.dbtools.crest.swingui.logical.TVEntity" oid="8E2572F9-6961-5CB9-E134-68AE08E26366" otype="Entity" vid="1BBB3402-E235-7879-8067-81E76FE13E3C">
<hideElementsInCurrentOnly>false</hideElementsInCurrentOnly>
<bounds x="474" y="120" width="197" height="108"/>
</OView>
<OView class="oracle.dbtools.crest.swingui.logical.TVEntity" oid="A9E1EC8B-35B6-757A-21CE-8FC2F07204FD" otype="Entity" vid="52A964C7-BE8E-74BC-EBF3-36BD70DD99E5">
<hideElementsInCurrentOnly>false</hideElementsInCurrentOnly>
<bounds x="711" y="26" width="218" height="145"/>
</OView>
<OView class="oracle.dbtools.crest.swingui.logical.TVEntity" oid="BBA5723F-54A2-4120-D9B0-6459EA4AF3EC" otype="Entity" vid="F94E767F-912B-6026-F114-4C9C445D32DD">
<hideElementsInCurrentOnly>false</hideElementsInCurrentOnly>
<bounds x="759" y="372" width="183" height="82"/>
</OView>
<OView class="oracle.dbtools.crest.swingui.logical.TVEntity" oid="BEF0864E-C04B-9310-2707-9380FA974888" otype="Entity" vid="957ABC0A-A77F-3A24-B295-9F770E0C35EF">
<hideElementsInCurrentOnly>false</hideElementsInCurrentOnly>
<bounds x="214" y="14" width="170" height="81"/>
</OView>
<OView class="oracle.dbtools.crest.swingui.logical.TVEntity" oid="CF8EE499-031A-9B81-2BDC-C914F51EA9F1" otype="Entity" vid="B5093FC4-87E0-2829-6021-FA9908DCBFCB">
<hideElementsInCurrentOnly>false</hideElementsInCurrentOnly>
<bounds x="7" y="301" width="187" height="101"/>
</OView>
<OView class="oracle.dbtools.crest.swingui.logical.TVEntity" oid="D8838536-D4E8-8C44-3B78-ADB9CF716BE9" otype="Entity" vid="CF1C3D0C-5052-BDBA-2F1A-FC442009691F">
<hideElementsInCurrentOnly>false</hideElementsInCurrentOnly>
<bounds x="220" y="128" width="200" height="219"/>
</OView>
<OView class="oracle.dbtools.crest.swingui.logical.TVEntity" oid="FA48A1F3-EC99-44B8-CE99-404743F0BA61" otype="Entity" vid="6A0EA89B-44F0-21C2-9179-30AE575F344E">
<hideElementsInCurrentOnly>false</hideElementsInCurrentOnly>
<bounds x="160" y="411" width="169" height="77"/>
</OView>
</objectViews>
<connectors>
<Connector class="oracle.dbtools.crest.swingui.logical.TVRelation" oid="3744976A-958F-1D2E-6883-04ACDDD05671" otype="Relation" vid_source="850B2ED6-5639-BC53-D318-FA20518A3EA0" vid_target="F94E767F-912B-6026-F114-4C9C445D32DD">
<hideElementsInCurrentOnly>false</hideElementsInCurrentOnly>
<backgroundColor>-16777216</backgroundColor>
<lineWidth>1</lineWidth>
<points>
<point x="727" y="413"/>
<point x="759" y="413"/>
</points>
</Connector>
<Connector class="oracle.dbtools.crest.swingui.logical.TVRelation" oid="6241E039-A1C9-1944-47F8-8332551E672C" otype="Relation" vid_source="1BBB3402-E235-7879-8067-81E76FE13E3C" vid_target="4EFC1752-3929-0DD0-7683-8175E55CA434">
<hideElementsInCurrentOnly>false</hideElementsInCurrentOnly>
<backgroundColor>-16777216</backgroundColor>
<lineWidth>1</lineWidth>
<points>
<point x="654" y="228"/>
<point x="654" y="269"/>
</points>
</Connector>
<Connector class="oracle.dbtools.crest.swingui.logical.TVRelation" oid="63DEAD3C-6415-2121-63C5-F0CD41D00DEE" otype="Relation" vid_source="B1F5CA45-BC01-E0AA-B2D4-6F214437464D" vid_target="52A964C7-BE8E-74BC-EBF3-36BD70DD99E5">
<hideElementsInCurrentOnly>false</hideElementsInCurrentOnly>
<backgroundColor>-16777216</backgroundColor>
<lineWidth>1</lineWidth>
<points>
<point x="612" y="63"/>
<point x="711" y="63"/>
</points>
</Connector>
<Connector class="oracle.dbtools.crest.swingui.logical.TVRelation" oid="6457BEE1-49E8-CCED-87AB-30E3252A601F" otype="Relation" vid_source="05AB506A-0A81-8234-B51E-CB2BB4F44FAF" vid_target="B5093FC4-87E0-2829-6021-FA9908DCBFCB">
<hideElementsInCurrentOnly>false</hideElementsInCurrentOnly>
<backgroundColor>-16777216</backgroundColor>
<lineWidth>1</lineWidth>
<points>
<point x="96" y="272"/>
<point x="96" y="301"/>
</points>
</Connector>
<Connector class="oracle.dbtools.crest.swingui.logical.TVRelation" oid="6ACF8F8C-8B60-40AB-BFBC-D07BC3E90C8B" otype="Relation" vid_source="CF1C3D0C-5052-BDBA-2F1A-FC442009691F" vid_target="6A0EA89B-44F0-21C2-9179-30AE575F344E">
<hideElementsInCurrentOnly>false</hideElementsInCurrentOnly>
<backgroundColor>-16777216</backgroundColor>
<lineWidth>1</lineWidth>
<points>
<point x="274" y="347"/>
<point x="274" y="411"/>
</points>
</Connector>
<Connector class="oracle.dbtools.crest.swingui.logical.TVRelation" oid="A08FAFEA-39A2-DEB2-C38C-A71DD022614A" otype="Relation" vid_source="6A0EA89B-44F0-21C2-9179-30AE575F344E" vid_target="12EA4619-3671-5390-82DC-2CBA43DCE451">
<hideElementsInCurrentOnly>false</hideElementsInCurrentOnly>
<backgroundColor>-16777216</backgroundColor>
<lineWidth>1</lineWidth>
<points>
<point x="329" y="448"/>
<point x="373" y="448"/>
</points>
</Connector>
<Connector class="oracle.dbtools.crest.swingui.logical.TVRelation" oid="A0CAE8DB-AD7C-A2C3-D315-0DEB0522A150" otype="Relation" vid_source="1BBB3402-E235-7879-8067-81E76FE13E3C" vid_target="CF1C3D0C-5052-BDBA-2F1A-FC442009691F">
<hideElementsInCurrentOnly>false</hideElementsInCurrentOnly>
<backgroundColor>-16777216</backgroundColor>
<lineWidth>1</lineWidth>
<points>
<point x="474" y="178"/>
<point x="420" y="178"/>
</points>
</Connector>
<Connector class="oracle.dbtools.crest.swingui.logical.TVRelation" oid="A956B004-45FF-604A-4A56-9C0CB472396D" otype="Relation" vid_source="52A964C7-BE8E-74BC-EBF3-36BD70DD99E5" vid_target="1BBB3402-E235-7879-8067-81E76FE13E3C">
<hideElementsInCurrentOnly>false</hideElementsInCurrentOnly>
<backgroundColor>-16777216</backgroundColor>
<lineWidth>1</lineWidth>
<points>
<point x="711" y="145"/>
<point x="671" y="145"/>
</points>
</Connector>
<Connector class="oracle.dbtools.crest.swingui.logical.TVRelation" oid="B3796E30-A28C-225A-3230-43BCEA36ADF4" otype="Relation" vid_source="850B2ED6-5639-BC53-D318-FA20518A3EA0" vid_target="4EFC1752-3929-0DD0-7683-8175E55CA434">
<hideElementsInCurrentOnly>false</hideElementsInCurrentOnly>
<backgroundColor>-16777216</backgroundColor>
<lineWidth>1</lineWidth>
<points>
<point x="682" y="372"/>
<point x="682" y="346"/>
</points>
</Connector>
<Connector class="oracle.dbtools.crest.swingui.logical.TVRelation" oid="B9A8AAC0-C9D5-E46E-9B4F-7C110B56B8FD" otype="Relation" vid_source="CF1C3D0C-5052-BDBA-2F1A-FC442009691F" vid_target="B5093FC4-87E0-2829-6021-FA9908DCBFCB">
<hideElementsInCurrentOnly>false</hideElementsInCurrentOnly>
<backgroundColor>-16777216</backgroundColor>
<lineWidth>1</lineWidth>
<points>
<point x="220" y="324"/>
<point x="194" y="324"/>
</points>
</Connector>
<Connector class="oracle.dbtools.crest.swingui.logical.TVRelation" oid="BE93B674-9702-4906-180F-457A41621B9F" otype="Relation" vid_source="04F829B2-599E-C718-1C02-DBC793C8C1F4" vid_target="1BBB3402-E235-7879-8067-81E76FE13E3C">
<hideElementsInCurrentOnly>false</hideElementsInCurrentOnly>
<backgroundColor>-16777216</backgroundColor>
<lineWidth>1</lineWidth>
<points>
<point x="549" y="268"/>
<point x="549" y="228"/>
</points>
</Connector>
<Connector class="oracle.dbtools.crest.swingui.logical.TVRelation" oid="C81A6094-31A9-DB1E-C29B-A418F4CDBF1C" otype="Relation" vid_source="957ABC0A-A77F-3A24-B295-9F770E0C35EF" vid_target="CF1C3D0C-5052-BDBA-2F1A-FC442009691F">
<hideElementsInCurrentOnly>false</hideElementsInCurrentOnly>
<backgroundColor>-16777216</backgroundColor>
<lineWidth>1</lineWidth>
<points>
<point x="302" y="95"/>
<point x="302" y="128"/>
</points>
</Connector>
<Connector class="oracle.dbtools.crest.swingui.logical.TVRelation" oid="CC689037-5CBA-7859-45C0-3CD8859EDC62" otype="Relation" vid_source="CB0C838C-5E5C-04CF-A6F9-0A1ACC45BDDB" vid_target="CF1C3D0C-5052-BDBA-2F1A-FC442009691F">
<hideElementsInCurrentOnly>false</hideElementsInCurrentOnly>
<backgroundColor>-16777216</backgroundColor>
<lineWidth>1</lineWidth>
<points>
<point x="180" y="145"/>
<point x="220" y="145"/>
</points>
</Connector>
<Connector class="oracle.dbtools.crest.swingui.logical.TVRelation" oid="CD5B6FC3-F31F-BD98-81B2-C0378D5859EB" otype="Relation" vid_source="957ABC0A-A77F-3A24-B295-9F770E0C35EF" vid_target="B1F5CA45-BC01-E0AA-B2D4-6F214437464D">
<hideElementsInCurrentOnly>false</hideElementsInCurrentOnly>
<backgroundColor>-16777216</backgroundColor>
<lineWidth>1</lineWidth>
<points>
<point x="384" y="54"/>
<point x="442" y="54"/>
</points>
</Connector>
<Connector class="oracle.dbtools.crest.swingui.logical.TVRelation" oid="F03907AA-8E21-989D-AECB-F2212232377B" otype="Relation" vid_source="CF1C3D0C-5052-BDBA-2F1A-FC442009691F" vid_target="05AB506A-0A81-8234-B51E-CB2BB4F44FAF">
<hideElementsInCurrentOnly>false</hideElementsInCurrentOnly>
<backgroundColor>-16777216</backgroundColor>
<lineWidth>1</lineWidth>
<points>
<point x="220" y="226"/>
<point x="186" y="226"/>
</points>
</Connector>
</connectors>
</Diagram>
