<?xml version = '1.0' encoding = 'UTF-8'?>
<Relation class="oracle.dbtools.crest.model.design.logical.Relation" name="Relation_13" directorySegmentName="seg_0" id="0FAB2043-74ED-8E02-6E27-86EE0A44C2D9">
<createdBy>Katherine</createdBy>
<createdTime>2025-09-01 23:01:38 UTC</createdTime>
<ownerDesignName>Exp1_S3_katherine_ibañez</ownerDesignName>
<engineerTo>
<item key="9AEDA505-275E-9204-BBBD-5C296155D838" value="true"/>
</engineerTo>
<sourcePk>A50B427F-734C-64BC-F577-A322DB4B97C5</sourcePk>
<identifying>false</identifying>
<optionalSource>true</optionalSource>
<optionalTarget>false</optionalTarget>
<sourceCardinality>1</sourceCardinality>
<sourceEntity>9C32B4C3-9152-724E-4A87-09A248CF73ED</sourceEntity>
<targetCardinalityString>*</targetCardinalityString>
<targetEntity>BEABF02D-6DCD-5BFD-6BA6-C73B6120FD4A</targetEntity>
<transferable>true</transferable>
<deleteRule>NO ACTION</deleteRule>
</Relation>