<?xml version = '1.0' encoding = 'UTF-8'?>
<Relation class="oracle.dbtools.crest.model.design.logical.Relation" name="Relation_6" directorySegmentName="seg_0" id="5B5441A9-3994-F676-B047-51ACAC2A3447">
<createdBy>Katherine</createdBy>
<createdTime>2025-09-01 21:53:42 UTC</createdTime>
<ownerDesignName>Exp1_S3_katherine_ibañez</ownerDesignName>
<engineerTo>
<item key="9AEDA505-275E-9204-BBBD-5C296155D838" value="true"/>
</engineerTo>
<sourcePk>91F140CC-EF7F-E67D-2912-032D73D1E6B8</sourcePk>
<identifying>false</identifying>
<optionalSource>true</optionalSource>
<optionalTarget>false</optionalTarget>
<sourceCardinality>1</sourceCardinality>
<sourceEntity>2FB8C3FB-C989-C8E6-33D2-265E8F8EC18C</sourceEntity>
<targetCardinalityString>*</targetCardinalityString>
<targetEntity>B73C7E8D-B02C-B0DA-FC59-B054795F5C85</targetEntity>
<transferable>true</transferable>
<deleteRule>NO ACTION</deleteRule>
</Relation>