<?xml version = '1.0' encoding = 'UTF-8'?>
<Relation class="oracle.dbtools.crest.model.design.logical.Relation" name="Relation_11" directorySegmentName="seg_0" id="731EEB37-43F9-26B9-1B3C-F135D6DB6211">
<createdBy>Katherine</createdBy>
<createdTime>2025-09-01 22:39:15 UTC</createdTime>
<ownerDesignName>Exp1_S3_katherine_ibañez</ownerDesignName>
<engineerTo>
<item key="9AEDA505-275E-9204-BBBD-5C296155D838" value="true"/>
</engineerTo>
<sourcePk>208CDAE2-408D-B57F-1BA6-407DADB93589</sourcePk>
<identifying>false</identifying>
<optionalSource>false</optionalSource>
<optionalTarget>false</optionalTarget>
<sourceCardinality>1</sourceCardinality>
<sourceEntity>19B51278-2AD8-A89E-C928-89A440D9F4AD</sourceEntity>
<targetCardinalityString>*</targetCardinalityString>
<targetEntity>BEABF02D-6DCD-5BFD-6BA6-C73B6120FD4A</targetEntity>
<transferable>true</transferable>
<deleteRule>NO ACTION</deleteRule>
</Relation>