<?xml version = '1.0' encoding = 'UTF-8'?>
<Relation class="oracle.dbtools.crest.model.design.logical.Relation" name="Relation_7" directorySegmentName="seg_0" id="7BD522EA-5D5D-5CBD-D8D4-51A051891FA9">
<createdBy>Katherine</createdBy>
<createdTime>2025-09-01 22:07:12 UTC</createdTime>
<ownerDesignName>Exp1_S3_katherine_ibañez</ownerDesignName>
<engineerTo>
<item key="9AEDA505-275E-9204-BBBD-5C296155D838" value="true"/>
</engineerTo>
<sourcePk>9C3403DA-4A95-9076-350E-EC1D1E9D1215</sourcePk>
<identifying>false</identifying>
<optionalSource>false</optionalSource>
<optionalTarget>false</optionalTarget>
<sourceCardinality>1</sourceCardinality>
<sourceEntity>B73C7E8D-B02C-B0DA-FC59-B054795F5C85</sourceEntity>
<targetCardinalityString>*</targetCardinalityString>
<targetEntity>91886B07-89D5-EB5E-7387-A31CCF643EEF</targetEntity>
<transferable>true</transferable>
<deleteRule>NO ACTION</deleteRule>
</Relation>