<?xml version = '1.0' encoding = 'UTF-8'?>
<Relation class="oracle.dbtools.crest.model.design.logical.Relation" name="Relation_21" directorySegmentName="seg_0" id="805D8500-10F6-7C6D-85BC-BFA51EBC113B">
<createdBy>Katherine</createdBy>
<createdTime>2025-09-02 00:17:39 UTC</createdTime>
<ownerDesignName>Exp1_S3_katherine_ibañez</ownerDesignName>
<engineerTo>
<item key="9AEDA505-275E-9204-BBBD-5C296155D838" value="true"/>
</engineerTo>
<targetPk>A50B427F-734C-64BC-F577-A322DB4B97C5</targetPk>
<identifying>false</identifying>
<optionalSource>true</optionalSource>
<optionalTarget>false</optionalTarget>
<sourceCardinality>1</sourceCardinality>
<sourceEntity>2930918D-112D-75BE-D2FD-8342C537E800</sourceEntity>
<targetCardinalityString>*</targetCardinalityString>
<targetEntity>2930918D-112D-75BE-D2FD-8342C537E800</targetEntity>
<transferable>true</transferable>
<deleteRule>NO ACTION</deleteRule>
</Relation>