<?xml version = '1.0' encoding = 'UTF-8'?>
<Entity class="oracle.dbtools.crest.model.design.logical.Entity" directorySegmentName="seg_0" id="19B51278-2AD8-A89E-C928-89A440D9F4AD" name="CONTRATO">
<createdBy>Katherine</createdBy>
<createdTime>2025-09-01 19:23:10 UTC</createdTime>
<ownerDesignName>Exp1_S3_katherine_ibañez</ownerDesignName>
<engineerTo>
<item key="9AEDA505-275E-9204-BBBD-5C296155D838" value="true"/>
</engineerTo>
<adequatelyNormalized>NO</adequatelyNormalized>
<expectedVolumes>0</expectedVolumes>
<fwdEngineeringStrategyName>Single Table</fwdEngineeringStrategyName>
<growthPercent>0</growthPercent>
<growthType>Year</growthType>
<maxVolumes>9999999</maxVolumes>
<minVolumes>0</minVolumes>
<normalForm>Third</normalForm>
<attributes itemClass="oracle.dbtools.crest.model.design.logical.Attribute">
<Attribute name="id_contrato" id="64AE9CD9-4323-C971-6FAA-56DE9072D203">
<createdBy>Katherine</createdBy>
<createdTime>2025-09-01 21:44:57 UTC</createdTime>
<ownerDesignName>Exp1_S3_katherine_ibañez</ownerDesignName>
<engineerTo>
<item key="9AEDA505-275E-9204-BBBD-5C296155D838" value="true"/>
</engineerTo>
<useDomainConstraints>false</useDomainConstraints>
<use>1</use>
<logicalDatatype>LOGDT025</logicalDatatype>
<dataTypeSize>4 CHAR</dataTypeSize>
<ownDataTypeParameters>4 CHAR,,</ownDataTypeParameters>
</Attribute>
<Attribute name="tipo_financ" id="07D115DF-5006-851C-FE95-F1364145E0CF">
<createdBy>Katherine</createdBy>
<createdTime>2025-09-01 23:06:49 UTC</createdTime>
<ownerDesignName>Exp1_S3_katherine_ibañez</ownerDesignName>
<engineerTo>
<item key="9AEDA505-275E-9204-BBBD-5C296155D838" value="true"/>
</engineerTo>
<useDomainConstraints>false</useDomainConstraints>
<use>1</use>
<logicalDatatype>LOGDT024</logicalDatatype>
<dataTypeSize>50 CHAR</dataTypeSize>
<ownDataTypeParameters>50 CHAR,,</ownDataTypeParameters>
</Attribute>
<Attribute name="estado" id="85E3DEEC-97E3-A2DF-DB00-57950AC16514">
<createdBy>Katherine</createdBy>
<createdTime>2025-09-01 23:12:27 UTC</createdTime>
<ownerDesignName>Exp1_S3_katherine_ibañez</ownerDesignName>
<engineerTo>
<item key="9AEDA505-275E-9204-BBBD-5C296155D838" value="true"/>
</engineerTo>
<useDomainConstraints>false</useDomainConstraints>
<use>1</use>
<logicalDatatype>LOGDT006</logicalDatatype>
<dataTypeSize>1 CHAR</dataTypeSize>
<ownDataTypeParameters>1 CHAR,,</ownDataTypeParameters>
</Attribute>
<Attribute name="rut" id="2E2017F0-3BF2-6DB3-92B4-7DFA6BB580EB">
<createdBy>Katherine</createdBy>
<createdTime>2025-09-01 23:42:41 UTC</createdTime>
<generatorID>A040FFEE-E801-032C-B5DF-BB4E29C04ACA</generatorID>
<ownerDesignName>Exp1_S3_katherine_ibañez</ownerDesignName>
<engineerTo>
<item key="9AEDA505-275E-9204-BBBD-5C296155D838" value="true"/>
</engineerTo>
<referedAttribute>CC6AB808-28B8-7D19-404B-9ABA000D2183</referedAttribute>
<useDomainConstraints>false</useDomainConstraints>
<use>1</use>
<logicalDatatype>LOGDT024</logicalDatatype>
<dataTypeSize>12 CHAR</dataTypeSize>
<ownDataTypeParameters>,,</ownDataTypeParameters>
</Attribute>
</attributes>
<identifiers itemClass="oracle.dbtools.crest.model.design.logical.CandidateKey">
<identifier id="208CDAE2-408D-B57F-1BA6-407DADB93589" name="CONTRATO PK">
<createdBy>Katherine</createdBy>
<createdTime>2025-09-01 21:46:19 UTC</createdTime>
<ownerDesignName>Exp1_S3_katherine_ibañez</ownerDesignName>
<engineerTo>
<item key="9AEDA505-275E-9204-BBBD-5C296155D838" value="true"/>
</engineerTo>
<pk>true</pk>
<usedAttributes>
<attributeRef>64AE9CD9-4323-C971-6FAA-56DE9072D203</attributeRef>
</usedAttributes>
</identifier>
</identifiers>
</Entity>