<?xml version = '1.0' encoding = 'UTF-8'?>
<Entity class="oracle.dbtools.crest.model.design.logical.Entity" directorySegmentName="seg_0" id="91886B07-89D5-EB5E-7387-A31CCF643EEF" name="HABITACION">
<createdBy>Katherine</createdBy>
<createdTime>2025-09-01 18:03:14 UTC</createdTime>
<ownerDesignName>Exp1_S3_katherine_ibañez</ownerDesignName>
<engineerTo>
<item key="9AEDA505-275E-9204-BBBD-5C296155D838" value="true"/>
</engineerTo>
<adequatelyNormalized>NO</adequatelyNormalized>
<expectedVolumes>0</expectedVolumes>
<fwdEngineeringStrategyName>Single Table</fwdEngineeringStrategyName>
<growthPercent>0</growthPercent>
<growthType>Year</growthType>
<maxVolumes>9999999</maxVolumes>
<minVolumes>0</minVolumes>
<normalForm>Third</normalForm>
<attributes itemClass="oracle.dbtools.crest.model.design.logical.Attribute">
<Attribute name="id_habitacion" id="B64FC74F-DB7C-AC9C-7913-C55F5BF73ACD">
<createdBy>Katherine</createdBy>
<createdTime>2025-09-01 19:48:03 UTC</createdTime>
<ownerDesignName>Exp1_S3_katherine_ibañez</ownerDesignName>
<engineerTo>
<item key="9AEDA505-275E-9204-BBBD-5C296155D838" value="true"/>
</engineerTo>
<useDomainConstraints>false</useDomainConstraints>
<use>1</use>
<logicalDatatype>LOGDT011</logicalDatatype>
<ownDataTypeParameters>,,</ownDataTypeParameters>
</Attribute>
<Attribute name="tipo" id="E3BC23D9-72A3-85EF-F790-661CCE1BAF63">
<createdBy>Katherine</createdBy>
<createdTime>2025-09-01 19:48:56 UTC</createdTime>
<ownerDesignName>Exp1_S3_katherine_ibañez</ownerDesignName>
<engineerTo>
<item key="9AEDA505-275E-9204-BBBD-5C296155D838" value="true"/>
</engineerTo>
<useDomainConstraints>false</useDomainConstraints>
<use>1</use>
<logicalDatatype>LOGDT024</logicalDatatype>
<dataTypeSize>50 CHAR</dataTypeSize>
<ownDataTypeParameters>50 CHAR,,</ownDataTypeParameters>
</Attribute>
<Attribute name="id_residencia" id="80EDD8FD-1043-41CF-ABD2-D4060E101BD3">
<createdBy>Katherine</createdBy>
<createdTime>2025-09-01 22:07:12 UTC</createdTime>
<generatorID>7BD522EA-5D5D-5CBD-D8D4-51A051891FA9</generatorID>
<ownerDesignName>Exp1_S3_katherine_ibañez</ownerDesignName>
<engineerTo>
<item key="9AEDA505-275E-9204-BBBD-5C296155D838" value="true"/>
</engineerTo>
<referedAttribute>3B4B168B-607B-43A2-62C0-8329C270DC78</referedAttribute>
<useDomainConstraints>false</useDomainConstraints>
<use>1</use>
<logicalDatatype>LOGDT011</logicalDatatype>
<ownDataTypeParameters>,,</ownDataTypeParameters>
</Attribute>
</attributes>
<identifiers itemClass="oracle.dbtools.crest.model.design.logical.CandidateKey">
<identifier id="3ED1F056-396C-7834-EAED-8812E0AF030E" name="HABITACION PK">
<createdBy>Katherine</createdBy>
<createdTime>2025-09-01 19:48:55 UTC</createdTime>
<ownerDesignName>Exp1_S3_katherine_ibañez</ownerDesignName>
<engineerTo>
<item key="9AEDA505-275E-9204-BBBD-5C296155D838" value="true"/>
</engineerTo>
<pk>true</pk>
<usedAttributes>
<attributeRef>B64FC74F-DB7C-AC9C-7913-C55F5BF73ACD</attributeRef>
</usedAttributes>
</identifier>
</identifiers>
</Entity>