<?xml version = '1.0' encoding = 'UTF-8'?>
<Entity class="oracle.dbtools.crest.model.design.logical.Entity" directorySegmentName="seg_0" id="BEABF02D-6DCD-5BFD-6BA6-C73B6120FD4A" name="ANEXO">
<createdBy>Katherine</createdBy>
<createdTime>2025-09-01 19:26:57 UTC</createdTime>
<ownerDesignName>Exp1_S3_katherine_ibañez</ownerDesignName>
<engineerTo>
<item key="9AEDA505-275E-9204-BBBD-5C296155D838" value="true"/>
</engineerTo>
<adequatelyNormalized>NO</adequatelyNormalized>
<expectedVolumes>0</expectedVolumes>
<fwdEngineeringStrategyName>Single Table</fwdEngineeringStrategyName>
<growthPercent>0</growthPercent>
<growthType>Year</growthType>
<maxVolumes>9999999</maxVolumes>
<minVolumes>0</minVolumes>
<normalForm>Third</normalForm>
<attributes itemClass="oracle.dbtools.crest.model.design.logical.Attribute">
<Attribute name="fecha_ini" id="E9A09EFB-8D53-E155-41D0-06FCF0AA2FFB">
<createdBy>Katherine</createdBy>
<createdTime>2025-09-01 21:41:28 UTC</createdTime>
<ownerDesignName>Exp1_S3_katherine_ibañez</ownerDesignName>
<engineerTo>
<item key="9AEDA505-275E-9204-BBBD-5C296155D838" value="true"/>
</engineerTo>
<useDomainConstraints>false</useDomainConstraints>
<use>1</use>
<logicalDatatype>LOGDT007</logicalDatatype>
<ownDataTypeParameters>,,</ownDataTypeParameters>
</Attribute>
<Attribute name="fecha_fin" id="004CEF5E-F8BE-DD31-E58A-05E04F211AF3">
<createdBy>Katherine</createdBy>
<createdTime>2025-09-01 21:41:37 UTC</createdTime>
<ownerDesignName>Exp1_S3_katherine_ibañez</ownerDesignName>
<engineerTo>
<item key="9AEDA505-275E-9204-BBBD-5C296155D838" value="true"/>
</engineerTo>
<nullsAllowed>true</nullsAllowed>
<useDomainConstraints>false</useDomainConstraints>
<use>1</use>
<logicalDatatype>LOGDT007</logicalDatatype>
<ownDataTypeParameters>,,</ownDataTypeParameters>
</Attribute>
<Attribute name="observ" id="CA1F409A-BBF3-20BD-EE69-B916ACE2C6A1">
<createdBy>Katherine</createdBy>
<createdTime>2025-09-01 21:42:08 UTC</createdTime>
<ownerDesignName>Exp1_S3_katherine_ibañez</ownerDesignName>
<engineerTo>
<item key="9AEDA505-275E-9204-BBBD-5C296155D838" value="true"/>
</engineerTo>
<nullsAllowed>true</nullsAllowed>
<useDomainConstraints>false</useDomainConstraints>
<use>1</use>
<logicalDatatype>LOGDT024</logicalDatatype>
<dataTypeSize>500 CHAR</dataTypeSize>
<ownDataTypeParameters>500 CHAR,,</ownDataTypeParameters>
</Attribute>
<Attribute name="id_contrato" id="CBF5248E-F4A7-3F22-0635-9A947FC1EC85">
<createdBy>Katherine</createdBy>
<createdTime>2025-09-01 22:39:15 UTC</createdTime>
<generatorID>731EEB37-43F9-26B9-1B3C-F135D6DB6211</generatorID>
<ownerDesignName>Exp1_S3_katherine_ibañez</ownerDesignName>
<engineerTo>
<item key="9AEDA505-275E-9204-BBBD-5C296155D838" value="true"/>
</engineerTo>
<referedAttribute>64AE9CD9-4323-C971-6FAA-56DE9072D203</referedAttribute>
<useDomainConstraints>false</useDomainConstraints>
<use>1</use>
<logicalDatatype>LOGDT025</logicalDatatype>
<dataTypeSize>4 CHAR</dataTypeSize>
<ownDataTypeParameters>,,</ownDataTypeParameters>
</Attribute>
<Attribute name="rut" id="D7FE5288-8682-9853-C5CD-4C6276538915">
<createdBy>Katherine</createdBy>
<createdTime>2025-09-01 23:42:33 UTC</createdTime>
<generatorID>0FAB2043-74ED-8E02-6E27-86EE0A44C2D9</generatorID>
<ownerDesignName>Exp1_S3_katherine_ibañez</ownerDesignName>
<engineerTo>
<item key="9AEDA505-275E-9204-BBBD-5C296155D838" value="true"/>
</engineerTo>
<referedAttribute>CC6AB808-28B8-7D19-404B-9ABA000D2183</referedAttribute>
<useDomainConstraints>false</useDomainConstraints>
<use>1</use>
<logicalDatatype>LOGDT024</logicalDatatype>
<dataTypeSize>12 CHAR</dataTypeSize>
<ownDataTypeParameters>,,</ownDataTypeParameters>
</Attribute>
<Attribute name="id_habitacion" id="B6FCCDF3-A917-E2DD-237D-C6881B07F9FF">
<createdBy>Katherine</createdBy>
<createdTime>2025-09-02 00:44:15 UTC</createdTime>
<generatorID>A892C3C9-16E4-9265-4B1C-7C5363CE9727</generatorID>
<ownerDesignName>Exp1_S3_katherine_ibañez</ownerDesignName>
<engineerTo>
<item key="9AEDA505-275E-9204-BBBD-5C296155D838" value="true"/>
</engineerTo>
<referedAttribute>B64FC74F-DB7C-AC9C-7913-C55F5BF73ACD</referedAttribute>
<useDomainConstraints>false</useDomainConstraints>
<use>1</use>
<logicalDatatype>LOGDT011</logicalDatatype>
<ownDataTypeParameters>,,</ownDataTypeParameters>
</Attribute>
</attributes>
</Entity>