<?xml version = '1.0' encoding = 'UTF-8'?>
<relationalModel class="oracle.dbtools.crest.model.design.relational.RelationalDesign" name="Relational_1" id="62C4222E-1BD5-E93F-1563-1E899BCE2A3D" mainViewID="A1519FB0-171B-522D-EACD-7A2ACF4A5231">
<createdBy>Katherine</createdBy>
<createdTime>2025-09-07 21:12:44 UTC</createdTime>
<ownerDesignName>formativas5</ownerDesignName>
<shouldBeOpen>false</shouldBeOpen>
<selectedRDBMSSite>32076570-2523-435C-2E92-BF29817DFF70</selectedRDBMSSite>
</relationalModel>