<?xml version = '1.0' encoding = 'UTF-8'?>
<Relation class="oracle.dbtools.crest.model.design.logical.InheritanceRelation" name="Hierarchy_2" directorySegmentName="seg_0" id="27F6E793-F474-F28E-6E35-0F23550EF68C">
<createdBy>Katherine</createdBy>
<createdTime>2025-09-12 21:27:45 UTC</createdTime>
<ownerDesignName>sumativarespaldo</ownerDesignName>
<engineerTo>
<item key="4B223BA7-A94A-F2DB-3953-A3884BF14293" value="true"/>
</engineerTo>
<arc>0358A777-D4F9-12EF-263E-BB9C94BA3B0D</arc>
<identifying>false</identifying>
<nameOnSource>Super Type</nameOnSource>
<nameOnTarget>Sub Type</nameOnTarget>
<optionalSource>true</optionalSource>
<optionalTarget>true</optionalTarget>
<sourceEntity>16832D5D-131C-D015-DD3A-116BDE71B9EC</sourceEntity>
<targetEntity>7DABB7F0-7D4A-840A-2BF4-E4D232C58D08</targetEntity>
<transferable>true</transferable>
<deleteRule>NO ACTION</deleteRule>
</Relation>
