<?xml version = '1.0' encoding = 'UTF-8'?>
<Relation class="oracle.dbtools.crest.model.design.logical.InheritanceRelation" name="Hierarchy_3" directorySegmentName="seg_0" id="6592765E-0816-6CEE-960A-6C3230749F61">
<createdBy>Katherine</createdBy>
<createdTime>2025-09-12 21:27:59 UTC</createdTime>
<ownerDesignName>sumativarespaldo</ownerDesignName>
<engineerTo>
<item key="4B223BA7-A94A-F2DB-3953-A3884BF14293" value="true"/>
</engineerTo>
<arc>0358A777-D4F9-12EF-263E-BB9C94BA3B0D</arc>
<identifying>false</identifying>
<nameOnSource>Super Type</nameOnSource>
<nameOnTarget>Sub Type</nameOnTarget>
<optionalSource>true</optionalSource>
<optionalTarget>true</optionalTarget>
<sourceEntity>16832D5D-131C-D015-DD3A-116BDE71B9EC</sourceEntity>
<targetEntity>1F58D805-9E24-1D01-1DB0-246159D080FF</targetEntity>
<transferable>true</transferable>
<deleteRule>NO ACTION</deleteRule>
</Relation>
