<?xml version = '1.0' encoding = 'UTF-8'?>
<Relation class="oracle.dbtools.crest.model.design.logical.InheritanceRelation" name="Hierarchy_1" directorySegmentName="seg_0" id="6A10BAA2-C7AE-4C67-3D3E-D9A0663AF955">
<createdBy>Katherine</createdBy>
<createdTime>2025-09-12 21:27:30 UTC</createdTime>
<ownerDesignName>sumativarespaldo</ownerDesignName>
<engineerTo>
<item key="4B223BA7-A94A-F2DB-3953-A3884BF14293" value="true"/>
</engineerTo>
<arc>0358A777-D4F9-12EF-263E-BB9C94BA3B0D</arc>
<identifying>false</identifying>
<nameOnSource>Super Type</nameOnSource>
<nameOnTarget>Sub Type</nameOnTarget>
<optionalSource>true</optionalSource>
<optionalTarget>true</optionalTarget>
<sourceEntity>16832D5D-131C-D015-DD3A-116BDE71B9EC</sourceEntity>
<targetEntity>CF6174CA-7CDF-4184-AA79-751AC2A44320</targetEntity>
<transferable>true</transferable>
<deleteRule>NO ACTION</deleteRule>
</Relation>
