<?xml version = '1.0' encoding = 'UTF-8'?>
<Diagram class="oracle.dbtools.crest.swingui.relational.DPVRelational" name="Relational_1" id="BE1D1B6B-83BC-0CF3-47CD-26D8A26580A3">
<createdBy>Katherine</createdBy>
<modifiedBy>Katherine</modifiedBy>
<createdTime>2025-09-12 23:28:40 UTC</createdTime>
<autoRoute>false</autoRoute>
<boxInbox>true</boxInbox>
<showLegend>false</showLegend>
<showLabels>false</showLabels>
<showRelAttributes>false</showRelAttributes>
<gridEnabled>false</gridEnabled>
<showGrid>false</showGrid>
<diagramColor>-1</diagramColor>
<display>false</display>
<notation>1</notation>
<objectViews>
<OView class="oracle.dbtools.crest.swingui.relational.TVTable" oid="09FBEE9E-C5B2-D531-25AA-5EEB5DDF12FE" otype="Table" vid="838E000E-B27F-0E44-F566-35B29A4B5A5B">
<hideElementsInCurrentOnly>false</hideElementsInCurrentOnly>
<bounds x="8" y="629" width="320" height="150"/>
</OView>
<OView class="oracle.dbtools.crest.swingui.relational.TVTable" oid="24E29AEB-C1BA-ACE9-B957-E30C5DE963FF" otype="Table" vid="BA1AB430-D5FA-57B5-CFA1-8F89B51D1A2C">
<hideElementsInCurrentOnly>false</hideElementsInCurrentOnly>
<bounds x="8" y="158" width="247" height="88"/>
</OView>
<OView class="oracle.dbtools.crest.swingui.relational.TVTable" oid="290B7A7C-3EBF-30AB-FA44-94E483D49309" otype="Table" vid="934BAAF3-2F7D-26E7-A479-AB8694EB8DEF">
<hideElementsInCurrentOnly>false</hideElementsInCurrentOnly>
<bounds x="648" y="1034" width="196" height="88"/>
</OView>
<OView class="oracle.dbtools.crest.swingui.relational.TVTable" oid="32DFCD66-B8E3-3142-E782-22927AACCC93" otype="Table" vid="2854FBD5-F128-8907-FF96-426110BF2CCD">
<hideElementsInCurrentOnly>false</hideElementsInCurrentOnly>
<bounds x="423" y="1034" width="206" height="88"/>
</OView>
<OView class="oracle.dbtools.crest.swingui.relational.TVTable" oid="33493A7D-DC05-BD23-0BAD-414E94E53CF9" otype="Table" vid="016DD73C-8D0D-46CD-36E3-9102DFF801AB">
<hideElementsInCurrentOnly>false</hideElementsInCurrentOnly>
<bounds x="306" y="340" width="358" height="165"/>
</OView>
<OView class="oracle.dbtools.crest.swingui.relational.TVTable" oid="3B3215CE-318D-C645-600F-04CE6A46D6FB" otype="Table" vid="9D96A8F8-5179-35F9-AFCB-AE466C309985">
<hideElementsInCurrentOnly>false</hideElementsInCurrentOnly>
<bounds x="1243" y="537" width="251" height="122"/>
</OView>
<OView class="oracle.dbtools.crest.swingui.relational.TVTable" oid="60E1EDF9-2D70-0A4B-E8D6-3D326F6C674D" otype="Table" vid="12023108-99EC-7C39-E6D5-28319487097B">
<hideElementsInCurrentOnly>false</hideElementsInCurrentOnly>
<bounds x="16" y="848" width="309" height="136"/>
</OView>
<OView class="oracle.dbtools.crest.swingui.relational.TVTable" oid="97A3B58B-9E4E-D9B8-7908-63FC7986FFB0" otype="Table" vid="BE3C580D-7036-4C30-6C5A-6CB09407278A">
<hideElementsInCurrentOnly>false</hideElementsInCurrentOnly>
<bounds x="1389" y="94" width="221" height="74"/>
</OView>
<OView class="oracle.dbtools.crest.swingui.relational.TVTable" oid="98B9A3DE-BB66-9FA8-16CA-06E296CF85F0" otype="Table" vid="5CDBBC30-B7D8-F2FB-AF3E-2DC9E6F7FA96">
<hideElementsInCurrentOnly>false</hideElementsInCurrentOnly>
<bounds x="569" y="659" width="343" height="304"/>
</OView>
<OView class="oracle.dbtools.crest.swingui.relational.TVTable" oid="9DC9E2CE-B1E7-35A5-88B9-CE82C9272D29" otype="Table" vid="FE121664-471D-BA1F-47DC-171D47CD4D25">
<hideElementsInCurrentOnly>false</hideElementsInCurrentOnly>
<bounds x="22" y="70" width="232" height="74"/>
</OView>
<OView class="oracle.dbtools.crest.swingui.relational.TVTable" oid="B0F7B8EF-8101-BA06-22F3-D44CE61EDB2F" otype="Table" vid="384B61C1-1FAD-7835-D31F-35409CF736C4">
<hideElementsInCurrentOnly>false</hideElementsInCurrentOnly>
<bounds x="0" y="378" width="271" height="108"/>
</OView>
<OView class="oracle.dbtools.crest.swingui.relational.TVTable" oid="B7E8102B-947D-42F9-79AE-F9CB61580D08" otype="Table" vid="C66A952F-F04D-3A5B-8038-2ED895B33CEC">
<hideElementsInCurrentOnly>false</hideElementsInCurrentOnly>
<bounds x="895" y="335" width="419" height="136"/>
</OView>
<OView class="oracle.dbtools.crest.swingui.relational.TVTable" oid="BB3116DE-0423-B8A6-7B96-858FDEC16A4F" otype="Table" vid="EA42C346-4D37-AC2A-BD11-2C9545A432D3">
<hideElementsInCurrentOnly>false</hideElementsInCurrentOnly>
<bounds x="1407" y="363" width="211" height="88"/>
</OView>
<OView class="oracle.dbtools.crest.swingui.relational.TVTable" oid="BE6EE962-D11C-1FF9-51BB-8077E07FE004" otype="Table" vid="208080E5-EC44-951D-729A-20316FA1449C">
<hideElementsInCurrentOnly>false</hideElementsInCurrentOnly>
<bounds x="718" y="538" width="244" height="108"/>
</OView>
<OView class="oracle.dbtools.crest.swingui.relational.TVTable" oid="CC5193A3-BF63-624A-77B6-1EF2D8D46E18" otype="Table" vid="294F0F7D-0E94-B39C-69D8-EC2E93B11699">
<hideElementsInCurrentOnly>false</hideElementsInCurrentOnly>
<bounds x="977" y="538" width="249" height="108"/>
</OView>
<OView class="oracle.dbtools.crest.swingui.relational.TVTable" oid="D3984DC8-C63D-764D-C00C-46574950385A" otype="Table" vid="770F7ADD-4B8A-55BE-6B84-4C13EC24C83C">
<hideElementsInCurrentOnly>false</hideElementsInCurrentOnly>
<bounds x="349" y="23" width="423" height="276"/>
</OView>
<OView class="oracle.dbtools.crest.swingui.relational.TVTable" oid="D3E8E610-AC5F-6A12-5B31-C8ED7116BEF7" otype="Table" vid="36628FB4-6979-66DB-2223-C3144FF21C9C">
<hideElementsInCurrentOnly>false</hideElementsInCurrentOnly>
<bounds x="909" y="25" width="330" height="262"/>
</OView>
<OView class="oracle.dbtools.crest.swingui.relational.TVTable" oid="DB5B7E58-E81F-3C45-FCB0-AFC18CBC94AD" otype="Table" vid="45A7D313-30E1-12A9-1A09-96EEEB24C476">
<hideElementsInCurrentOnly>false</hideElementsInCurrentOnly>
<bounds x="1388" y="182" width="257" height="122"/>
</OView>
<OView class="oracle.dbtools.crest.swingui.relational.TVTable" oid="E8785718-3E85-B78C-DDE2-1AA8B7715EE3" otype="Table" vid="9E217AE3-129A-787D-B42B-85BCF5517943">
<hideElementsInCurrentOnly>false</hideElementsInCurrentOnly>
<bounds x="979" y="730" width="217" height="88"/>
</OView>
<OView class="oracle.dbtools.crest.swingui.relational.TVTable" oid="F676DD0A-BD1B-8CFA-372F-7106A0EA8500" otype="Table" vid="F78141DC-0EBE-D45A-96D0-D448E0C6F3A5">
<hideElementsInCurrentOnly>false</hideElementsInCurrentOnly>
<bounds x="1387" y="12" width="221" height="74"/>
</OView>
</objectViews>
<connectors>
<Connector class="oracle.dbtools.crest.swingui.relational.TVFKRelation" oid="03DBD839-C503-5AB5-9081-684653C9EDD2" otype="FKIndexAssociation" vid_source="C66A952F-F04D-3A5B-8038-2ED895B33CEC" vid_target="9D96A8F8-5179-35F9-AFCB-AE466C309985">
<hideElementsInCurrentOnly>false</hideElementsInCurrentOnly>
<backgroundColor>-16777216</backgroundColor>
<lineWidth>1</lineWidth>
<points>
<point x="1278" y="471"/>
<point x="1278" y="537"/>
</points>
</Connector>
<Connector class="oracle.dbtools.crest.swingui.relational.TVFKRelation" oid="0B998813-2A49-F5B1-25D0-0158FAAD61D2" otype="FKIndexAssociation" vid_source="384B61C1-1FAD-7835-D31F-35409CF736C4" vid_target="016DD73C-8D0D-46CD-36E3-9102DFF801AB">
<hideElementsInCurrentOnly>false</hideElementsInCurrentOnly>
<backgroundColor>-16777216</backgroundColor>
<lineWidth>1</lineWidth>
<points>
<point x="271" y="432"/>
<point x="306" y="432"/>
</points>
</Connector>
<Connector class="oracle.dbtools.crest.swingui.relational.TVFKRelation" oid="14C628E8-AD3C-F9F9-E52E-42B6D3E11933" otype="FKIndexAssociation" vid_source="45A7D313-30E1-12A9-1A09-96EEEB24C476" vid_target="36628FB4-6979-66DB-2223-C3144FF21C9C">
<hideElementsInCurrentOnly>false</hideElementsInCurrentOnly>
<backgroundColor>-16777216</backgroundColor>
<lineWidth>1</lineWidth>
<points>
<point x="1388" y="234"/>
<point x="1239" y="234"/>
</points>
</Connector>
<Connector class="oracle.dbtools.crest.swingui.relational.TVFKRelation" oid="2D9B30FA-B05B-54B8-775B-8CE441A0453B" otype="FKIndexAssociation" vid_source="770F7ADD-4B8A-55BE-6B84-4C13EC24C83C" vid_target="016DD73C-8D0D-46CD-36E3-9102DFF801AB">
<hideElementsInCurrentOnly>false</hideElementsInCurrentOnly>
<backgroundColor>-16777216</backgroundColor>
<lineWidth>1</lineWidth>
<points>
<point x="506" y="299"/>
<point x="506" y="340"/>
</points>
</Connector>
<Connector class="oracle.dbtools.crest.swingui.relational.TVFKRelation" oid="424C7D58-40DF-9199-7454-E051A8F39F39" otype="FKIndexAssociation" vid_source="FE121664-471D-BA1F-47DC-171D47CD4D25" vid_target="770F7ADD-4B8A-55BE-6B84-4C13EC24C83C">
<hideElementsInCurrentOnly>false</hideElementsInCurrentOnly>
<backgroundColor>-16777216</backgroundColor>
<lineWidth>1</lineWidth>
<points>
<point x="254" y="107"/>
<point x="349" y="107"/>
</points>
</Connector>
<Connector class="oracle.dbtools.crest.swingui.relational.TVFKRelation" oid="4423CD18-0CB7-D45A-B28F-1FA8E483289A" otype="FKIndexAssociation" vid_source="5CDBBC30-B7D8-F2FB-AF3E-2DC9E6F7FA96" vid_target="384B61C1-1FAD-7835-D31F-35409CF736C4">
<hideElementsInCurrentOnly>false</hideElementsInCurrentOnly>
<backgroundColor>-16777216</backgroundColor>
<lineWidth>1</lineWidth>
<points>
<point x="569" y="703"/>
<point x="221" y="486"/>
</points>
</Connector>
<Connector class="oracle.dbtools.crest.swingui.relational.TVFKRelation" oid="4E6FD3B1-8065-BDEF-3475-66B3ECB2422C" otype="FKIndexAssociation" vid_source="5CDBBC30-B7D8-F2FB-AF3E-2DC9E6F7FA96" vid_target="770F7ADD-4B8A-55BE-6B84-4C13EC24C83C">
<hideElementsInCurrentOnly>false</hideElementsInCurrentOnly>
<backgroundColor>-16777216</backgroundColor>
<lineWidth>1</lineWidth>
<points>
<point x="676" y="659"/>
<point x="677" y="299"/>
</points>
</Connector>
<Connector class="oracle.dbtools.crest.swingui.relational.TVFKRelation" oid="5062DA97-9E99-A70A-C788-14F483EA65F5" otype="FKIndexAssociation" vid_source="C66A952F-F04D-3A5B-8038-2ED895B33CEC" vid_target="208080E5-EC44-951D-729A-20316FA1449C">
<hideElementsInCurrentOnly>false</hideElementsInCurrentOnly>
<backgroundColor>-16777216</backgroundColor>
<lineWidth>1</lineWidth>
<points>
<point x="928" y="471"/>
<point x="928" y="538"/>
</points>
</Connector>
<Connector class="oracle.dbtools.crest.swingui.relational.TVFKRelation" oid="52727E72-025A-BEC2-56EB-A8B79561BBA6" otype="FKIndexAssociation" vid_source="2854FBD5-F128-8907-FF96-426110BF2CCD" vid_target="5CDBBC30-B7D8-F2FB-AF3E-2DC9E6F7FA96">
<hideElementsInCurrentOnly>false</hideElementsInCurrentOnly>
<backgroundColor>-16777216</backgroundColor>
<lineWidth>1</lineWidth>
<points>
<point x="599" y="1034"/>
<point x="599" y="963"/>
</points>
</Connector>
<Connector class="oracle.dbtools.crest.swingui.relational.TVFKRelation" oid="5C5EEE7E-014E-D1A2-2641-2F528A85932B" otype="FKIndexAssociation" vid_source="934BAAF3-2F7D-26E7-A479-AB8694EB8DEF" vid_target="5CDBBC30-B7D8-F2FB-AF3E-2DC9E6F7FA96">
<hideElementsInCurrentOnly>false</hideElementsInCurrentOnly>
<backgroundColor>-16777216</backgroundColor>
<lineWidth>1</lineWidth>
<points>
<point x="746" y="1034"/>
<point x="746" y="963"/>
</points>
</Connector>
<Connector class="oracle.dbtools.crest.swingui.relational.TVFKRelation" oid="643F3681-CA90-64D7-72C2-4911D7ED5129" otype="FKIndexAssociation" vid_source="C66A952F-F04D-3A5B-8038-2ED895B33CEC" vid_target="294F0F7D-0E94-B39C-69D8-EC2E93B11699">
<hideElementsInCurrentOnly>false</hideElementsInCurrentOnly>
<backgroundColor>-16777216</backgroundColor>
<lineWidth>1</lineWidth>
<points>
<point x="1101" y="471"/>
<point x="1101" y="538"/>
</points>
</Connector>
<Connector class="oracle.dbtools.crest.swingui.relational.TVFKRelation" oid="65E206AD-956E-21B1-0FC2-3F7188A8732A" otype="FKIndexAssociation" vid_source="F78141DC-0EBE-D45A-96D0-D448E0C6F3A5" vid_target="36628FB4-6979-66DB-2223-C3144FF21C9C">
<hideElementsInCurrentOnly>false</hideElementsInCurrentOnly>
<backgroundColor>-16777216</backgroundColor>
<lineWidth>1</lineWidth>
<points>
<point x="1387" y="55"/>
<point x="1239" y="55"/>
</points>
</Connector>
<Connector class="oracle.dbtools.crest.swingui.relational.TVFKRelation" oid="7A4739EE-1D47-78A6-1818-498B0F459383" otype="FKIndexAssociation" vid_source="9E217AE3-129A-787D-B42B-85BCF5517943" vid_target="5CDBBC30-B7D8-F2FB-AF3E-2DC9E6F7FA96">
<hideElementsInCurrentOnly>false</hideElementsInCurrentOnly>
<backgroundColor>-16777216</backgroundColor>
<lineWidth>1</lineWidth>
<points>
<point x="979" y="774"/>
<point x="912" y="774"/>
</points>
</Connector>
<Connector class="oracle.dbtools.crest.swingui.relational.TVFKRelation" oid="95C410A4-1920-4321-5549-40F86F5C861B" otype="FKIndexAssociation" vid_source="770F7ADD-4B8A-55BE-6B84-4C13EC24C83C" vid_target="C66A952F-F04D-3A5B-8038-2ED895B33CEC">
<hideElementsInCurrentOnly>false</hideElementsInCurrentOnly>
<backgroundColor>-16777216</backgroundColor>
<lineWidth>1</lineWidth>
<points>
<point x="772" y="255"/>
<point x="951" y="335"/>
</points>
</Connector>
<Connector class="oracle.dbtools.crest.swingui.relational.TVFKRelation" oid="9B29C23E-C2E5-A40A-60A1-876A9EF61933" otype="FKIndexAssociation" vid_source="BA1AB430-D5FA-57B5-CFA1-8F89B51D1A2C" vid_target="770F7ADD-4B8A-55BE-6B84-4C13EC24C83C">
<hideElementsInCurrentOnly>false</hideElementsInCurrentOnly>
<backgroundColor>-16777216</backgroundColor>
<lineWidth>1</lineWidth>
<points>
<point x="255" y="202"/>
<point x="349" y="202"/>
</points>
</Connector>
<Connector class="oracle.dbtools.crest.swingui.relational.TVFKRelation" oid="A008CCAE-00C9-BE0C-FF24-970A39E59994" otype="FKIndexAssociation" vid_source="5CDBBC30-B7D8-F2FB-AF3E-2DC9E6F7FA96" vid_target="5CDBBC30-B7D8-F2FB-AF3E-2DC9E6F7FA96">
<hideElementsInCurrentOnly>false</hideElementsInCurrentOnly>
<backgroundColor>-16777216</backgroundColor>
<lineWidth>1</lineWidth>
<points>
<point x="912" y="836"/>
<point x="962" y="836"/>
<point x="962" y="1013"/>
<point x="770" y="1013"/>
<point x="770" y="963"/>
</points>
</Connector>
<Connector class="oracle.dbtools.crest.swingui.relational.TVFKRelation" oid="A744E73D-321B-B359-1829-35B081FCA354" otype="FKIndexAssociation" vid_source="838E000E-B27F-0E44-F566-35B29A4B5A5B" vid_target="12023108-99EC-7C39-E6D5-28319487097B">
<hideElementsInCurrentOnly>false</hideElementsInCurrentOnly>
<backgroundColor>-16777216</backgroundColor>
<lineWidth>1</lineWidth>
<points>
<point x="170" y="779"/>
<point x="170" y="848"/>
</points>
</Connector>
<Connector class="oracle.dbtools.crest.swingui.relational.TVFKRelation" oid="BC4D6918-B6A0-DDF8-43AB-1BF3FA0DCC15" otype="FKIndexAssociation" vid_source="36628FB4-6979-66DB-2223-C3144FF21C9C" vid_target="770F7ADD-4B8A-55BE-6B84-4C13EC24C83C">
<hideElementsInCurrentOnly>false</hideElementsInCurrentOnly>
<backgroundColor>-16777216</backgroundColor>
<lineWidth>1</lineWidth>
<points>
<point x="909" y="156"/>
<point x="772" y="156"/>
</points>
</Connector>
<Connector class="oracle.dbtools.crest.swingui.relational.TVFKRelation" oid="CACA90BC-6CB9-CC12-2E02-AB5F6C7F526A" otype="FKIndexAssociation" vid_source="EA42C346-4D37-AC2A-BD11-2C9545A432D3" vid_target="45A7D313-30E1-12A9-1A09-96EEEB24C476">
<hideElementsInCurrentOnly>false</hideElementsInCurrentOnly>
<backgroundColor>-16777216</backgroundColor>
<lineWidth>1</lineWidth>
<points>
<point x="1512" y="363"/>
<point x="1512" y="304"/>
</points>
</Connector>
<Connector class="oracle.dbtools.crest.swingui.relational.TVFKRelation" oid="D92E5708-357B-C232-39FF-AD1EDA7171FE" otype="FKIndexAssociation" vid_source="BE3C580D-7036-4C30-6C5A-6CB09407278A" vid_target="36628FB4-6979-66DB-2223-C3144FF21C9C">
<hideElementsInCurrentOnly>false</hideElementsInCurrentOnly>
<backgroundColor>-16777216</backgroundColor>
<lineWidth>1</lineWidth>
<points>
<point x="1389" y="131"/>
<point x="1239" y="131"/>
</points>
</Connector>
<Connector class="oracle.dbtools.crest.swingui.relational.TVFKRelation" oid="E996E3F6-D6A9-6C90-7F39-58E329E4782E" otype="FKIndexAssociation" vid_source="384B61C1-1FAD-7835-D31F-35409CF736C4" vid_target="838E000E-B27F-0E44-F566-35B29A4B5A5B">
<hideElementsInCurrentOnly>false</hideElementsInCurrentOnly>
<backgroundColor>-16777216</backgroundColor>
<lineWidth>1</lineWidth>
<points>
<point x="139" y="486"/>
<point x="139" y="629"/>
</points>
</Connector>
<Connector class="oracle.dbtools.crest.swingui.relational.TVFKRelation" oid="EDBF2AFF-9B7C-7D2A-245A-5537385951E7" otype="FKIndexAssociation" vid_source="016DD73C-8D0D-46CD-36E3-9102DFF801AB" vid_target="5CDBBC30-B7D8-F2FB-AF3E-2DC9E6F7FA96">
<hideElementsInCurrentOnly>false</hideElementsInCurrentOnly>
<backgroundColor>-16777216</backgroundColor>
<lineWidth>1</lineWidth>
<points>
<point x="616" y="505"/>
<point x="616" y="659"/>
</points>
</Connector>
<Connector class="oracle.dbtools.crest.swingui.relational.TVFKRelation" oid="FF7C3A01-3067-54CA-56C9-835DAC4E244F" otype="FKIndexAssociation" vid_source="384B61C1-1FAD-7835-D31F-35409CF736C4" vid_target="770F7ADD-4B8A-55BE-6B84-4C13EC24C83C">
<hideElementsInCurrentOnly>false</hideElementsInCurrentOnly>
<backgroundColor>-16777216</backgroundColor>
<lineWidth>1</lineWidth>
<points>
<point x="220" y="378"/>
<point x="349" y="295"/>
</points>
</Connector>
</connectors>
<arcs>
<Arc class="oracle.dbtools.crest.swingui.relational.TVFKArc" oid="D977A461-1640-349C-4C95-1B8F90755A74" otype="FKArc" vid="AF7214B8-B5FF-2868-8184-F789660E4A4F">
<hideElementsInCurrentOnly>false</hideElementsInCurrentOnly>
<bounds x="875" y="315" width="459" height="176"/>
</Arc>
<Arc class="oracle.dbtools.crest.swingui.relational.TVFKArc" oid="EF1FE1A2-F274-08C0-57B5-E1E374F0721B" otype="FKArc" vid="BC837B88-D93E-97A1-0D19-D438D4405FD5">
<hideElementsInCurrentOnly>false</hideElementsInCurrentOnly>
<bounds x="855" y="295" width="499" height="216"/>
</Arc>
</arcs>
</Diagram>
