<?xml version = '1.0' encoding = 'UTF-8'?>
<Relation class="oracle.dbtools.crest.model.design.logical.Relation" name="Relation_24" directorySegmentName="seg_0" id="3744976A-958F-1D2E-6883-04ACDDD05671">
<createdBy>Katherine</createdBy>
<createdTime>2025-09-08 23:10:18 UTC</createdTime>
<ownerDesignName>formativas5</ownerDesignName>
<engineerTo>
<item key="62C4222E-1BD5-E93F-1563-1E899BCE2A3D" value="true"/>
</engineerTo>
<sourcePk>FC345CEC-9E13-B6EB-C77C-E5C08692E014</sourcePk>
<targetPk>FABBC380-3B48-562E-45BE-6029BFA176BE</targetPk>
<identifying>false</identifying>
<optionalSource>false</optionalSource>
<optionalTarget>false</optionalTarget>
<sourceCardinality>*</sourceCardinality>
<sourceEntity>76A032D7-3E6C-5E7B-7FE3-48B955055FFB</sourceEntity>
<targetCardinalityString>1</targetCardinalityString>
<targetEntity>BBA5723F-54A2-4120-D9B0-6459EA4AF3EC</targetEntity>
<transferable>true</transferable>
<deleteRule>NO ACTION</deleteRule>
</Relation>
