<?xml version = '1.0' encoding = 'UTF-8'?>
<Relation class="oracle.dbtools.crest.model.design.logical.Relation" name="Relation_19" directorySegmentName="seg_0" id="6241E039-A1C9-1944-47F8-8332551E672C">
<createdBy>Katherine</createdBy>
<createdTime>2025-09-08 22:11:55 UTC</createdTime>
<ownerDesignName>formativas5</ownerDesignName>
<engineerTo>
<item key="62C4222E-1BD5-E93F-1563-1E899BCE2A3D" value="true"/>
</engineerTo>
<sourcePk>149D41C8-05D4-67D9-1239-7112820DCD67</sourcePk>
<identifying>false</identifying>
<optionalSource>true</optionalSource>
<optionalTarget>false</optionalTarget>
<sourceCardinality>1</sourceCardinality>
<sourceEntity>8E2572F9-6961-5CB9-E134-68AE08E26366</sourceEntity>
<targetCardinalityString>*</targetCardinalityString>
<targetEntity>6D683092-DEBF-03E6-E535-E5CB030B85C5</targetEntity>
<transferable>true</transferable>
<deleteRule>NO ACTION</deleteRule>
</Relation>
