<?xml version = '1.0' encoding = 'UTF-8'?>
<Relation class="oracle.dbtools.crest.model.design.logical.Relation" name="Relation_14" directorySegmentName="seg_0" id="6457BEE1-49E8-CCED-87AB-30E3252A601F">
<createdBy>Katherine</createdBy>
<createdTime>2025-09-08 21:33:51 UTC</createdTime>
<ownerDesignName>formativas5</ownerDesignName>
<engineerTo>
<item key="62C4222E-1BD5-E93F-1563-1E899BCE2A3D" value="true"/>
</engineerTo>
<sourcePk>00E87331-9D79-B77F-650D-F513E2F71538</sourcePk>
<targetPk>0059AF77-0B08-93D7-28D5-74F25AC44B72</targetPk>
<identifying>false</identifying>
<optionalSource>false</optionalSource>
<optionalTarget>false</optionalTarget>
<sourceCardinality>*</sourceCardinality>
<sourceEntity>0854563E-DA68-07EF-0E14-C18610593130</sourceEntity>
<targetCardinalityString>1</targetCardinalityString>
<targetEntity>CF8EE499-031A-9B81-2BDC-C914F51EA9F1</targetEntity>
<transferable>true</transferable>
<deleteRule>NO ACTION</deleteRule>
</Relation>
