<?xml version = '1.0' encoding = 'UTF-8'?>
<Relation class="oracle.dbtools.crest.model.design.logical.Relation" name="Relation_16" directorySegmentName="seg_0" id="A0CAE8DB-AD7C-A2C3-D315-0DEB0522A150">
<createdBy>Katherine</createdBy>
<createdTime>2025-09-08 21:37:22 UTC</createdTime>
<ownerDesignName>formativas5</ownerDesignName>
<engineerTo>
<item key="62C4222E-1BD5-E93F-1563-1E899BCE2A3D" value="true"/>
</engineerTo>
<sourcePk>149D41C8-05D4-67D9-1239-7112820DCD67</sourcePk>
<targetPk>9EA4DA58-609C-173E-4B5C-BA94A5F5B546</targetPk>
<identifying>false</identifying>
<optionalSource>false</optionalSource>
<optionalTarget>false</optionalTarget>
<sourceCardinality>*</sourceCardinality>
<sourceEntity>8E2572F9-6961-5CB9-E134-68AE08E26366</sourceEntity>
<targetCardinalityString>1</targetCardinalityString>
<targetEntity>D8838536-D4E8-8C44-3B78-ADB9CF716BE9</targetEntity>
<transferable>true</transferable>
<deleteRule>NO ACTION</deleteRule>
</Relation>
