<?xml version = '1.0' encoding = 'UTF-8'?>
<Relation class="oracle.dbtools.crest.model.design.logical.Relation" name="Relation_15" directorySegmentName="seg_0" id="A956B004-45FF-604A-4A56-9C0CB472396D">
<createdBy>Katherine</createdBy>
<createdTime>2025-09-08 21:36:18 UTC</createdTime>
<ownerDesignName>formativas5</ownerDesignName>
<engineerTo>
<item key="62C4222E-1BD5-E93F-1563-1E899BCE2A3D" value="true"/>
</engineerTo>
<sourcePk>D9BB4B81-5BEF-25F0-D6BC-8924551B82C3</sourcePk>
<identifying>false</identifying>
<optionalSource>false</optionalSource>
<optionalTarget>false</optionalTarget>
<sourceCardinality>1</sourceCardinality>
<sourceEntity>A9E1EC8B-35B6-757A-21CE-8FC2F07204FD</sourceEntity>
<targetCardinalityString>*</targetCardinalityString>
<targetEntity>8E2572F9-6961-5CB9-E134-68AE08E26366</targetEntity>
<transferable>true</transferable>
<deleteRule>NO ACTION</deleteRule>
</Relation>
