<?xml version = '1.0' encoding = 'UTF-8'?>
<Relation class="oracle.dbtools.crest.model.design.logical.Relation" name="Relation_4" directorySegmentName="seg_0" id="B9A8AAC0-C9D5-E46E-9B4F-7C110B56B8FD">
<createdBy>Katherine</createdBy>
<createdTime>2025-09-08 01:13:47 UTC</createdTime>
<ownerDesignName>formativas5</ownerDesignName>
<engineerTo>
<item key="62C4222E-1BD5-E93F-1563-1E899BCE2A3D" value="true"/>
</engineerTo>
<sourcePk>9EA4DA58-609C-173E-4B5C-BA94A5F5B546</sourcePk>
<identifying>false</identifying>
<optionalSource>false</optionalSource>
<optionalTarget>false</optionalTarget>
<sourceCardinality>1</sourceCardinality>
<sourceEntity>D8838536-D4E8-8C44-3B78-ADB9CF716BE9</sourceEntity>
<targetCardinalityString>*</targetCardinalityString>
<targetEntity>CF8EE499-031A-9B81-2BDC-C914F51EA9F1</targetEntity>
<transferable>true</transferable>
<deleteRule>NO ACTION</deleteRule>
</Relation>