<?xml version = '1.0' encoding = 'UTF-8'?>
<Relation class="oracle.dbtools.crest.model.design.logical.Relation" name="Relation_17" directorySegmentName="seg_0" id="BE93B674-9702-4906-180F-457A41621B9F">
<createdBy>Katherine</createdBy>
<createdTime>2025-09-08 21:59:24 UTC</createdTime>
<ownerDesignName>formativas5</ownerDesignName>
<engineerTo>
<item key="62C4222E-1BD5-E93F-1563-1E899BCE2A3D" value="true"/>
</engineerTo>
<sourcePk>1A4C8200-17D7-CF34-D8DB-05FED3F77D18</sourcePk>
<targetPk>149D41C8-05D4-67D9-1239-7112820DCD67</targetPk>
<identifying>false</identifying>
<optionalSource>false</optionalSource>
<optionalTarget>true</optionalTarget>
<sourceCardinality>*</sourceCardinality>
<sourceEntity>006C7F88-8B46-667E-66BA-04FF479174D9</sourceEntity>
<targetCardinalityString>1</targetCardinalityString>
<targetEntity>8E2572F9-6961-5CB9-E134-68AE08E26366</targetEntity>
<transferable>true</transferable>
<deleteRule>NO ACTION</deleteRule>
</Relation>
