<?xml version = '1.0' encoding = 'UTF-8'?>
<Relation class="oracle.dbtools.crest.model.design.logical.Relation" name="Relation_12" directorySegmentName="seg_0" id="CD5B6FC3-F31F-BD98-81B2-C0378D5859EB">
<createdBy>Katherine</createdBy>
<createdTime>2025-09-08 01:45:13 UTC</createdTime>
<ownerDesignName>formativas5</ownerDesignName>
<engineerTo>
<item key="62C4222E-1BD5-E93F-1563-1E899BCE2A3D" value="true"/>
</engineerTo>
<sourcePk>18490AA3-E4C7-AF0E-6BAF-7C6AC6B13E40</sourcePk>
<identifying>false</identifying>
<optionalSource>false</optionalSource>
<optionalTarget>false</optionalTarget>
<sourceCardinality>1</sourceCardinality>
<sourceEntity>BEF0864E-C04B-9310-2707-9380FA974888</sourceEntity>
<targetCardinalityString>*</targetCardinalityString>
<targetEntity>602EF239-9D3B-5395-E995-8A7FAA54CA88</targetEntity>
<transferable>true</transferable>
<deleteRule>NO ACTION</deleteRule>
</Relation>