<?xml version = '1.0' encoding = 'UTF-8'?>
<Table class="oracle.dbtools.crest.model.design.relational.Table" directorySegmentName="seg_0" id="09FBEE9E-C5B2-D531-25AA-5EEB5DDF12FE" name="EXAMEN">
<createdBy>Katherine</createdBy>
<createdTime>2025-09-12 23:28:40 UTC</createdTime>
<generatorID>962F16CB-7F2F-4C9E-EFB0-926DF5A24949</generatorID>
<ownerDesignName>sumativarespaldo</ownerDesignName>
<ordsAlias>examen_laboratorio</ordsAlias>
<allowColumnReorder>false</allowColumnReorder>
<existDependencyGenerateInDDl>true</existDependencyGenerateInDDl>
<parsed>true</parsed>
<columns itemClass="oracle.dbtools.crest.model.design.relational.Column">
<Column name="codigo" id="2B8C64C8-66EB-DA77-0E6A-773DE693C9E4">
<createdBy>Katherine</createdBy>
<createdTime>2025-09-12 23:28:40 UTC</createdTime>
<generatorID>FEE1E32D-ED88-D733-43D8-BE933814759B</generatorID>
<ownerDesignName>sumativarespaldo</ownerDesignName>
<useDomainConstraints>false</useDomainConstraints>
<use>1</use>
<logicalDatatype>LOGDT011</logicalDatatype>
<ownDataTypeParameters>,,</ownDataTypeParameters>
<autoIncrementCycle>false</autoIncrementCycle>
</Column>
<Column name="nombre" id="16958833-09C3-FF61-8D03-B7F9788AC6AD">
<createdBy>Katherine</createdBy>
<createdTime>2025-09-12 23:28:40 UTC</createdTime>
<generatorID>F5927198-8243-7265-314E-3169246E5E8B</generatorID>
<ownerDesignName>sumativarespaldo</ownerDesignName>
<useDomainConstraints>false</useDomainConstraints>
<use>1</use>
<logicalDatatype>LOGDT024</logicalDatatype>
<dataTypeSize>30 CHAR</dataTypeSize>
<ownDataTypeParameters>30 CHAR,,</ownDataTypeParameters>
<autoIncrementCycle>false</autoIncrementCycle>
</Column>
<Column name="tipo_muestra" id="9CD24C3C-ED99-B529-1B7D-816F0FA61D9A">
<createdBy>Katherine</createdBy>
<createdTime>2025-09-12 23:28:40 UTC</createdTime>
<generatorID>B065D5A3-1934-6D59-0117-F20FA71B8A01</generatorID>
<ownerDesignName>sumativarespaldo</ownerDesignName>
<useDomainConstraints>false</useDomainConstraints>
<use>1</use>
<logicalDatatype>LOGDT024</logicalDatatype>
<dataTypeSize>30 CHAR</dataTypeSize>
<ownDataTypeParameters>30 CHAR,,</ownDataTypeParameters>
<autoIncrementCycle>false</autoIncrementCycle>
</Column>
<Column name="DERIVACION_id_derivacion" id="FB68E660-CCC8-3A53-4122-354A82402741">
<createdBy>Katherine</createdBy>
<createdTime>2025-09-12 23:28:40 UTC</createdTime>
<generatorID>D6A9625D-4B51-D4CC-AC2F-776675857060</generatorID>
<ownerDesignName>sumativarespaldo</ownerDesignName>
<useDomainConstraints>false</useDomainConstraints>
<use>1</use>
<logicalDatatype>LOGDT011</logicalDatatype>
<ownDataTypeParameters>,,</ownDataTypeParameters>
<previousColumn>false</previousColumn>
<autoIncrementCycle>false</autoIncrementCycle>
<associations>
<colAssociation fkAssociation="E996E3F6-D6A9-6C90-7F39-58E329E4782E" referredColumn="B3ACE69A-7C99-AC31-809B-CC3F1ABBE7A4"/>
</associations>
</Column>
<Column name="condicion_prep" id="153603C3-7A03-4190-55FA-22331A91B9DF">
<createdBy>Katherine</createdBy>
<createdTime>2025-09-12 23:28:40 UTC</createdTime>
<generatorID>1A09EEE1-E252-CE9E-6A18-C04250B82D85</generatorID>
<ownerDesignName>sumativarespaldo</ownerDesignName>
<useDomainConstraints>false</useDomainConstraints>
<use>1</use>
<logicalDatatype>LOGDT024</logicalDatatype>
<dataTypeSize>30 CHAR</dataTypeSize>
<ownDataTypeParameters>30 CHAR,,</ownDataTypeParameters>
<autoIncrementCycle>false</autoIncrementCycle>
</Column>
</columns>
<indexes itemClass="oracle.dbtools.crest.model.design.relational.Index">
<ind_PK_UK id="7A10A5F8-D11E-5A7A-4D22-CA20334AA647" name="PK_EXAMEN">
<createdBy>Katherine</createdBy>
<createdTime>2025-09-12 23:28:40 UTC</createdTime>
<generatorID>180241BE-BFED-C31C-4F4D-365DE6287ADF</generatorID>
<ownerDesignName>sumativarespaldo</ownerDesignName>
<pk>true</pk>
<indexState>Primary Constraint</indexState>
<isSurrogateKey>false</isSurrogateKey>
<indexColumnUsage>
<colUsage columnID="2B8C64C8-66EB-DA77-0E6A-773DE693C9E4"/>
</indexColumnUsage>
</ind_PK_UK>
<ind_PK_UK id="D18C6428-48CD-A6BE-88A3-F1EEAE88DCD5" name="EXAMEN_nombre_tipo_muestra_UN">
<createdBy>Katherine</createdBy>
<createdTime>2025-09-12 23:28:40 UTC</createdTime>
<generatorID>2C2F6F9C-2CFF-9B49-94AC-CEB910A8851D</generatorID>
<ownerDesignName>sumativarespaldo</ownerDesignName>
<indexState>Unique Constraint</indexState>
<isSurrogateKey>false</isSurrogateKey>
<indexColumnUsage>
<colUsage columnID="16958833-09C3-FF61-8D03-B7F9788AC6AD"/>
<colUsage columnID="9CD24C3C-ED99-B529-1B7D-816F0FA61D9A"/>
</indexColumnUsage>
</ind_PK_UK>
<ind_PK_UK id="AD0E5CE2-9BD0-2488-9A20-BDCC8D69ED32" name="FK_EXAMEN_DERIVACION">
<createdBy>Katherine</createdBy>
<createdTime>2025-09-12 23:28:40 UTC</createdTime>
<generatorID>616578BA-5E36-5D8A-D197-2460B58CB606</generatorID>
<ownerDesignName>sumativarespaldo</ownerDesignName>
<indexState>Foreign Key</indexState>
<isSurrogateKey>false</isSurrogateKey>
<indexColumnUsage>
<colUsage columnID="FB68E660-CCC8-3A53-4122-354A82402741"/>
</indexColumnUsage>
</ind_PK_UK>
</indexes>
</Table>
