<?xml version = '1.0' encoding = 'UTF-8'?>
<Table class="oracle.dbtools.crest.model.design.relational.Table" directorySegmentName="seg_0" id="290B7A7C-3EBF-30AB-FA44-94E483D49309" name="AFP">
<createdBy>Katherine</createdBy>
<createdTime>2025-09-12 23:28:40 UTC</createdTime>
<generatorID>56C6DF0C-86ED-7447-B8FB-7507C6DBECAA</generatorID>
<ownerDesignName>sumativarespaldo</ownerDesignName>
<allowColumnReorder>false</allowColumnReorder>
<existDependencyGenerateInDDl>true</existDependencyGenerateInDDl>
<parsed>true</parsed>
<columns itemClass="oracle.dbtools.crest.model.design.relational.Column">
<Column name="id_afp" id="9E8D9A2D-0497-EF91-32BB-4B7343261CEE">
<createdBy>Katherine</createdBy>
<createdTime>2025-09-12 23:28:40 UTC</createdTime>
<generatorID>D5C45C11-38B3-712F-80CA-65F72386E074</generatorID>
<ownerDesignName>sumativarespaldo</ownerDesignName>
<useDomainConstraints>false</useDomainConstraints>
<use>1</use>
<logicalDatatype>LOGDT011</logicalDatatype>
<ownDataTypeParameters>,,</ownDataTypeParameters>
<autoIncrementCycle>false</autoIncrementCycle>
</Column>
<Column name="nombre" id="548B97A5-4740-A13B-66F4-51E9E8F3D15C">
<createdBy>Katherine</createdBy>
<createdTime>2025-09-12 23:28:40 UTC</createdTime>
<generatorID>537480D3-B38C-0F0C-63A8-009008D6E166</generatorID>
<ownerDesignName>sumativarespaldo</ownerDesignName>
<useDomainConstraints>false</useDomainConstraints>
<use>1</use>
<logicalDatatype>LOGDT024</logicalDatatype>
<dataTypeSize>30 CHAR</dataTypeSize>
<ownDataTypeParameters>30 CHAR,,</ownDataTypeParameters>
<autoIncrementCycle>false</autoIncrementCycle>
</Column>
</columns>
<indexes itemClass="oracle.dbtools.crest.model.design.relational.Index">
<ind_PK_UK id="6EEA63F8-4D55-401F-DB00-66D95CDE2F3B" name="PK_AFP">
<createdBy>Katherine</createdBy>
<createdTime>2025-09-12 23:28:40 UTC</createdTime>
<generatorID>F932F11F-F40C-6C42-A814-B4F095F57C85</generatorID>
<ownerDesignName>sumativarespaldo</ownerDesignName>
<pk>true</pk>
<indexState>Primary Constraint</indexState>
<isSurrogateKey>false</isSurrogateKey>
<indexColumnUsage>
<colUsage columnID="9E8D9A2D-0497-EF91-32BB-4B7343261CEE"/>
</indexColumnUsage>
</ind_PK_UK>
<ind_PK_UK id="909B981E-0D64-5931-0E98-C89B04F3ADA2" name="AFP_nombre_UN">
<createdBy>Katherine</createdBy>
<createdTime>2025-09-12 23:28:40 UTC</createdTime>
<generatorID>BA48A6D7-1A25-3187-591D-CDF7DE843CCC</generatorID>
<ownerDesignName>sumativarespaldo</ownerDesignName>
<indexState>Unique Constraint</indexState>
<isSurrogateKey>false</isSurrogateKey>
<indexColumnUsage>
<colUsage columnID="548B97A5-4740-A13B-66F4-51E9E8F3D15C"/>
</indexColumnUsage>
</ind_PK_UK>
</indexes>
</Table>
