<?xml version = '1.0' encoding = 'UTF-8'?>
<Table class="oracle.dbtools.crest.model.design.relational.Table" directorySegmentName="seg_0" id="32DFCD66-B8E3-3142-E782-22927AACCC93" name="SALUD">
<createdBy>Katherine</createdBy>
<createdTime>2025-09-12 23:28:40 UTC</createdTime>
<generatorID>EB70B7A0-873B-7128-E669-BE20A722434A</generatorID>
<ownerDesignName>sumativarespaldo</ownerDesignName>
<allowColumnReorder>false</allowColumnReorder>
<existDependencyGenerateInDDl>true</existDependencyGenerateInDDl>
<parsed>true</parsed>
<columns itemClass="oracle.dbtools.crest.model.design.relational.Column">
<Column name="id_salud" id="33C37B43-2E25-19C0-4AB2-6E5FF5D5DDE8">
<createdBy>Katherine</createdBy>
<createdTime>2025-09-12 23:28:40 UTC</createdTime>
<generatorID>7F37DB9C-E8F4-076A-60DB-8A259AE52577</generatorID>
<ownerDesignName>sumativarespaldo</ownerDesignName>
<useDomainConstraints>false</useDomainConstraints>
<use>1</use>
<logicalDatatype>LOGDT011</logicalDatatype>
<ownDataTypeParameters>,,</ownDataTypeParameters>
<autoIncrementCycle>false</autoIncrementCycle>
</Column>
<Column name="nombre" id="805309EF-FF41-7681-B136-1047B9BAD233">
<createdBy>Katherine</createdBy>
<createdTime>2025-09-12 23:28:40 UTC</createdTime>
<generatorID>8BB367CE-CD5F-535F-BF7B-86F47AC08039</generatorID>
<ownerDesignName>sumativarespaldo</ownerDesignName>
<useDomainConstraints>false</useDomainConstraints>
<use>1</use>
<logicalDatatype>LOGDT024</logicalDatatype>
<dataTypeSize>20 CHAR</dataTypeSize>
<ownDataTypeParameters>20 CHAR,,</ownDataTypeParameters>
<autoIncrementCycle>false</autoIncrementCycle>
</Column>
</columns>
<indexes itemClass="oracle.dbtools.crest.model.design.relational.Index">
<ind_PK_UK id="E64FE05F-602E-179C-5EDE-0383F6BBD244" name="PK_SALUD">
<createdBy>Katherine</createdBy>
<createdTime>2025-09-12 23:28:40 UTC</createdTime>
<generatorID>FEC00CFC-9064-2A3C-ABFB-B4AF36212158</generatorID>
<ownerDesignName>sumativarespaldo</ownerDesignName>
<pk>true</pk>
<indexState>Primary Constraint</indexState>
<isSurrogateKey>false</isSurrogateKey>
<indexColumnUsage>
<colUsage columnID="33C37B43-2E25-19C0-4AB2-6E5FF5D5DDE8"/>
</indexColumnUsage>
</ind_PK_UK>
<ind_PK_UK id="FAB1A00C-F67C-FDA7-B5DC-679C5E76C19A" name="SALUD_nombre_UN">
<createdBy>Katherine</createdBy>
<createdTime>2025-09-12 23:28:40 UTC</createdTime>
<generatorID>C2A46D0D-EA00-65A0-E995-55F7A2217347</generatorID>
<ownerDesignName>sumativarespaldo</ownerDesignName>
<indexState>Unique Constraint</indexState>
<isSurrogateKey>false</isSurrogateKey>
<indexColumnUsage>
<colUsage columnID="805309EF-FF41-7681-B136-1047B9BAD233"/>
</indexColumnUsage>
</ind_PK_UK>
</indexes>
</Table>
