<?xml version = '1.0' encoding = 'UTF-8'?>
<Table class="oracle.dbtools.crest.model.design.relational.Table" directorySegmentName="seg_0" id="33493A7D-DC05-BD23-0BAD-414E94E53CF9" name="UNIDAD">
<createdBy>Katherine</createdBy>
<createdTime>2025-09-12 23:28:40 UTC</createdTime>
<generatorID>6AD1AAE0-15EF-1DF0-CB4C-E38F2816F9CD</generatorID>
<ownerDesignName>sumativarespaldo</ownerDesignName>
<allowColumnReorder>false</allowColumnReorder>
<existDependencyGenerateInDDl>true</existDependencyGenerateInDDl>
<parsed>true</parsed>
<columns itemClass="oracle.dbtools.crest.model.design.relational.Column">
<Column name="id_unidad" id="3CF9A32C-E6F3-8933-84F1-A0D41759C6EB">
<createdBy>Katherine</createdBy>
<createdTime>2025-09-12 23:28:40 UTC</createdTime>
<generatorID>70DD5AE8-1FB8-D9E2-84B9-975A5CCAA5EE</generatorID>
<ownerDesignName>sumativarespaldo</ownerDesignName>
<useDomainConstraints>false</useDomainConstraints>
<use>1</use>
<logicalDatatype>LOGDT011</logicalDatatype>
<ownDataTypeParameters>,,</ownDataTypeParameters>
<autoIncrementCycle>false</autoIncrementCycle>
</Column>
<Column name="nombre" id="40B813FE-5330-B34B-8E4C-674E733F3968">
<createdBy>Katherine</createdBy>
<createdTime>2025-09-12 23:28:40 UTC</createdTime>
<generatorID>736AE6A1-19B4-0CCE-6B15-A7AA2F526393</generatorID>
<ownerDesignName>sumativarespaldo</ownerDesignName>
<useDomainConstraints>false</useDomainConstraints>
<use>1</use>
<logicalDatatype>LOGDT024</logicalDatatype>
<dataTypeSize>50 CHAR</dataTypeSize>
<ownDataTypeParameters>50 CHAR,,</ownDataTypeParameters>
<autoIncrementCycle>false</autoIncrementCycle>
</Column>
<Column name="ATENCION_MEDICA_id_atencion" id="920E10DA-DE29-6B6D-8D28-4C03C5079EA6">
<createdBy>Katherine</createdBy>
<createdTime>2025-09-12 23:28:40 UTC</createdTime>
<generatorID>860C123A-47DD-B8A3-8ACB-FB115874217B</generatorID>
<ownerDesignName>sumativarespaldo</ownerDesignName>
<useDomainConstraints>false</useDomainConstraints>
<use>1</use>
<logicalDatatype>LOGDT011</logicalDatatype>
<ownDataTypeParameters>,,</ownDataTypeParameters>
<previousColumn>false</previousColumn>
<autoIncrementCycle>false</autoIncrementCycle>
<associations>
<colAssociation fkAssociation="2D9B30FA-B05B-54B8-775B-8CE441A0453B" referredColumn="0950EDB6-927B-A391-6B98-8A88D8857950"/>
</associations>
</Column>
<Column name="DERIVACION_id_derivacion" id="A091E8E8-AA37-CC54-C668-2C9AA4B462C7">
<createdBy>Katherine</createdBy>
<createdTime>2025-09-12 23:28:40 UTC</createdTime>
<generatorID>7486F897-34F0-54CD-6F7D-27621A647B28</generatorID>
<ownerDesignName>sumativarespaldo</ownerDesignName>
<useDomainConstraints>false</useDomainConstraints>
<use>1</use>
<logicalDatatype>LOGDT011</logicalDatatype>
<ownDataTypeParameters>,,</ownDataTypeParameters>
<previousColumn>false</previousColumn>
<autoIncrementCycle>false</autoIncrementCycle>
<associations>
<colAssociation fkAssociation="0B998813-2A49-F5B1-25D0-0158FAAD61D2" referredColumn="B3ACE69A-7C99-AC31-809B-CC3F1ABBE7A4"/>
</associations>
</Column>
<Column name="descripcion" id="C598D33B-38F2-0695-EFA5-3A71FEF61744">
<createdBy>Katherine</createdBy>
<createdTime>2025-09-12 23:28:40 UTC</createdTime>
<generatorID>1A619700-F67E-A93C-E4BC-B7B933BC7FC3</generatorID>
<ownerDesignName>sumativarespaldo</ownerDesignName>
<nullsAllowed>true</nullsAllowed>
<useDomainConstraints>false</useDomainConstraints>
<use>1</use>
<logicalDatatype>LOGDT024</logicalDatatype>
<dataTypeSize>50 CHAR</dataTypeSize>
<ownDataTypeParameters>50 CHAR,,</ownDataTypeParameters>
<autoIncrementCycle>false</autoIncrementCycle>
</Column>
</columns>
<indexes itemClass="oracle.dbtools.crest.model.design.relational.Index">
<ind_PK_UK id="D0083967-E44A-1E19-2D6D-07D7B01C4728" name="PK_UNIDAD">
<createdBy>Katherine</createdBy>
<createdTime>2025-09-12 23:28:40 UTC</createdTime>
<generatorID>2DB8783E-D57B-9445-CB30-2026519C357B</generatorID>
<ownerDesignName>sumativarespaldo</ownerDesignName>
<pk>true</pk>
<indexState>Primary Constraint</indexState>
<isSurrogateKey>false</isSurrogateKey>
<indexColumnUsage>
<colUsage columnID="3CF9A32C-E6F3-8933-84F1-A0D41759C6EB"/>
</indexColumnUsage>
</ind_PK_UK>
<ind_PK_UK id="C0989DC0-415B-823A-AAE7-25DCC964DDE9" name="UNIDAD_nombre_UN">
<createdBy>Katherine</createdBy>
<createdTime>2025-09-12 23:28:40 UTC</createdTime>
<generatorID>3AE6138E-756F-35E9-1BD8-A9EB8F34BE00</generatorID>
<ownerDesignName>sumativarespaldo</ownerDesignName>
<indexState>Unique Constraint</indexState>
<isSurrogateKey>false</isSurrogateKey>
<indexColumnUsage>
<colUsage columnID="40B813FE-5330-B34B-8E4C-674E733F3968"/>
</indexColumnUsage>
</ind_PK_UK>
<ind_PK_UK id="BBB38779-A771-3520-C07D-2F4EE9E493FD" name="FK_UNIDAD_ATENCION_MEDICA">
<createdBy>Katherine</createdBy>
<createdTime>2025-09-12 23:28:40 UTC</createdTime>
<generatorID>01CD3BF7-D8E5-9593-7EA9-320D5634EA6C</generatorID>
<ownerDesignName>sumativarespaldo</ownerDesignName>
<indexState>Foreign Key</indexState>
<isSurrogateKey>false</isSurrogateKey>
<indexColumnUsage>
<colUsage columnID="920E10DA-DE29-6B6D-8D28-4C03C5079EA6"/>
</indexColumnUsage>
</ind_PK_UK>
<ind_PK_UK id="A3DEF7E8-EC8D-E993-A61F-3DD238BCE51A" name="FK_UNIDAD_DERIVACION">
<createdBy>Katherine</createdBy>
<createdTime>2025-09-12 23:28:40 UTC</createdTime>
<generatorID>7B10B713-E438-AC0C-90E7-D6EABC1A47CD</generatorID>
<ownerDesignName>sumativarespaldo</ownerDesignName>
<indexState>Foreign Key</indexState>
<isSurrogateKey>false</isSurrogateKey>
<indexColumnUsage>
<colUsage columnID="A091E8E8-AA37-CC54-C668-2C9AA4B462C7"/>
</indexColumnUsage>
</ind_PK_UK>
</indexes>
</Table>
