<?xml version = '1.0' encoding = 'UTF-8'?>
<Table class="oracle.dbtools.crest.model.design.relational.Table" directorySegmentName="seg_0" id="3B3215CE-318D-C645-600F-04CE6A46D6FB" name="CONVENIO">
<createdBy>Katherine</createdBy>
<createdTime>2025-09-12 23:28:40 UTC</createdTime>
<generatorID>CF6174CA-7CDF-4184-AA79-751AC2A44320</generatorID>
<ownerDesignName>sumativarespaldo</ownerDesignName>
<allowColumnReorder>false</allowColumnReorder>
<existDependencyGenerateInDDl>true</existDependencyGenerateInDDl>
<parsed>true</parsed>
<columns itemClass="oracle.dbtools.crest.model.design.relational.Column">
<Column name="id_pago" id="C0BBF444-C3FA-649E-14B1-27EBB54D6202">
<createdBy>Katherine</createdBy>
<createdTime>2025-09-12 23:28:40 UTC</createdTime>
<generatorID>47FC70AF-8CDF-6679-5AF4-B1886D3D004D</generatorID>
<ownerDesignName>sumativarespaldo</ownerDesignName>
<useDomainConstraints>false</useDomainConstraints>
<use>1</use>
<logicalDatatype>LOGDT011</logicalDatatype>
<ownDataTypeParameters>,,</ownDataTypeParameters>
<autoIncrementCycle>false</autoIncrementCycle>
<associations>
<colAssociation fkAssociation="03DBD839-C503-5AB5-9081-684653C9EDD2" referredColumn="A059A057-584E-11EB-2815-E0CB4F084DDE"/>
</associations>
</Column>
<Column name="id_convenio" id="BAA703E3-1F54-1A4B-0852-A578F877504B">
<createdBy>Katherine</createdBy>
<createdTime>2025-09-12 23:28:40 UTC</createdTime>
<generatorID>C23CFD1F-D157-BBEE-C2E0-54544BF0981E</generatorID>
<ownerDesignName>sumativarespaldo</ownerDesignName>
<useDomainConstraints>false</useDomainConstraints>
<use>1</use>
<logicalDatatype>LOGDT011</logicalDatatype>
<ownDataTypeParameters>,,</ownDataTypeParameters>
<autoIncrementCycle>false</autoIncrementCycle>
</Column>
<Column name="descripcion" id="BD335610-37C8-2866-D7E0-484C628C6773">
<createdBy>Katherine</createdBy>
<createdTime>2025-09-12 23:28:40 UTC</createdTime>
<generatorID>726D4A8B-BD05-B231-FD93-729501D70D9C</generatorID>
<ownerDesignName>sumativarespaldo</ownerDesignName>
<useDomainConstraints>false</useDomainConstraints>
<use>1</use>
<logicalDatatype>LOGDT024</logicalDatatype>
<dataTypeSize>50 CHAR</dataTypeSize>
<ownDataTypeParameters>50 CHAR,,</ownDataTypeParameters>
<autoIncrementCycle>false</autoIncrementCycle>
</Column>
</columns>
<indexes itemClass="oracle.dbtools.crest.model.design.relational.Index">
<ind_PK_UK id="5E3BDF5D-B61D-38F5-97F0-ABD377D3FA69" name="PK_CONVENIO">
<createdBy>Katherine</createdBy>
<createdTime>2025-09-12 23:28:40 UTC</createdTime>
<generatorID>8D8025FD-BE58-BA1D-19A3-5E972C402AE6</generatorID>
<ownerDesignName>sumativarespaldo</ownerDesignName>
<pk>true</pk>
<indexState>Primary Constraint</indexState>
<isSurrogateKey>false</isSurrogateKey>
<indexColumnUsage>
<colUsage columnID="C0BBF444-C3FA-649E-14B1-27EBB54D6202"/>
</indexColumnUsage>
</ind_PK_UK>
<ind_PK_UK id="6631C1B6-0655-5984-1C7D-BFC500BFB58A" name="CONVENIO_PK">
<createdBy>Katherine</createdBy>
<createdTime>2025-09-12 23:28:40 UTC</createdTime>
<generatorID>22FEAE92-C31D-53E6-90DA-9D82BEFA07D3</generatorID>
<ownerDesignName>sumativarespaldo</ownerDesignName>
<indexState>Unique Constraint</indexState>
<isSurrogateKey>false</isSurrogateKey>
<indexColumnUsage>
<colUsage columnID="BAA703E3-1F54-1A4B-0852-A578F877504B"/>
</indexColumnUsage>
</ind_PK_UK>
<ind_PK_UK id="D1F725C3-9B59-5C4C-A9A4-20EA7A6C5C74" name="FK_CONVENIO_PAGO_ATENCION">
<createdBy>Katherine</createdBy>
<createdTime>2025-09-12 23:28:40 UTC</createdTime>
<generatorID>6A10BAA2-C7AE-4C67-3D3E-D9A0663AF955</generatorID>
<ownerDesignName>sumativarespaldo</ownerDesignName>
<indexState>Foreign Key</indexState>
<isSurrogateKey>false</isSurrogateKey>
<indexColumnUsage>
<colUsage columnID="C0BBF444-C3FA-649E-14B1-27EBB54D6202"/>
</indexColumnUsage>
</ind_PK_UK>
</indexes>
</Table>
