<?xml version = '1.0' encoding = 'UTF-8'?>
<Table class="oracle.dbtools.crest.model.design.relational.Table" directorySegmentName="seg_0" id="60E1EDF9-2D70-0A4B-E8D6-3D326F6C674D" name="RESULTADO_EXAMEN">
<createdBy>Katherine</createdBy>
<createdTime>2025-09-12 23:28:40 UTC</createdTime>
<generatorID>53C90899-2971-B5A9-1716-149B6943ECB1</generatorID>
<ownerDesignName>sumativarespaldo</ownerDesignName>
<allowColumnReorder>false</allowColumnReorder>
<existDependencyGenerateInDDl>true</existDependencyGenerateInDDl>
<parsed>true</parsed>
<columns itemClass="oracle.dbtools.crest.model.design.relational.Column">
<Column name="codigo" id="CF4B785A-0AE8-6452-23B4-A07A3DA36B52">
<createdBy>Katherine</createdBy>
<createdTime>2025-09-12 23:28:40 UTC</createdTime>
<generatorID>F4404F10-2015-B2D3-75DD-7BADBA633636</generatorID>
<ownerDesignName>sumativarespaldo</ownerDesignName>
<useDomainConstraints>false</useDomainConstraints>
<use>1</use>
<logicalDatatype>LOGDT011</logicalDatatype>
<ownDataTypeParameters>,,</ownDataTypeParameters>
<autoIncrementCycle>false</autoIncrementCycle>
</Column>
<Column name="EXAMEN_codigo" id="4A767359-5D9D-27C5-C5C1-C64FBB69DD76">
<createdBy>Katherine</createdBy>
<createdTime>2025-09-12 23:28:40 UTC</createdTime>
<generatorID>0EB8823B-0DA3-758B-6BC7-A2F5F5B3CE2E</generatorID>
<ownerDesignName>sumativarespaldo</ownerDesignName>
<useDomainConstraints>false</useDomainConstraints>
<use>1</use>
<logicalDatatype>LOGDT011</logicalDatatype>
<ownDataTypeParameters>,,</ownDataTypeParameters>
<previousColumn>false</previousColumn>
<autoIncrementCycle>false</autoIncrementCycle>
<associations>
<colAssociation fkAssociation="A744E73D-321B-B359-1829-35B081FCA354" referredColumn="2B8C64C8-66EB-DA77-0E6A-773DE693C9E4"/>
</associations>
</Column>
<Column name="fecha" id="69ED3FAB-A4A6-EA38-5C2B-4AFC2E42DEA1">
<createdBy>Katherine</createdBy>
<createdTime>2025-09-12 23:28:40 UTC</createdTime>
<generatorID>5E0469E2-8236-9974-7087-E9FE9AE71F74</generatorID>
<ownerDesignName>sumativarespaldo</ownerDesignName>
<useDomainConstraints>false</useDomainConstraints>
<use>1</use>
<logicalDatatype>LOGDT007</logicalDatatype>
<ownDataTypeParameters>,,</ownDataTypeParameters>
<autoIncrementCycle>false</autoIncrementCycle>
</Column>
<Column name="valor" id="1A6744A6-CF0F-D7B5-3DAB-0170F5DD4FD7">
<createdBy>Katherine</createdBy>
<createdTime>2025-09-12 23:28:40 UTC</createdTime>
<generatorID>669F67A2-61C3-C663-321F-22F8A096F072</generatorID>
<ownerDesignName>sumativarespaldo</ownerDesignName>
<useDomainConstraints>false</useDomainConstraints>
<use>1</use>
<logicalDatatype>LOGDT024</logicalDatatype>
<dataTypeSize>30 CHAR</dataTypeSize>
<ownDataTypeParameters>30 CHAR,,</ownDataTypeParameters>
<autoIncrementCycle>false</autoIncrementCycle>
</Column>
<Column name="observaciones" id="A364E4BE-EA58-825E-3E9E-4ED6A70FEB5F">
<createdBy>Katherine</createdBy>
<createdTime>2025-09-12 23:28:40 UTC</createdTime>
<generatorID>55C15C62-6FA7-4845-BD3F-CC2BB215113A</generatorID>
<ownerDesignName>sumativarespaldo</ownerDesignName>
<nullsAllowed>true</nullsAllowed>
<useDomainConstraints>false</useDomainConstraints>
<use>1</use>
<logicalDatatype>LOGDT024</logicalDatatype>
<dataTypeSize>50 CHAR</dataTypeSize>
<ownDataTypeParameters>50 CHAR,,</ownDataTypeParameters>
<autoIncrementCycle>false</autoIncrementCycle>
</Column>
</columns>
<indexes itemClass="oracle.dbtools.crest.model.design.relational.Index">
<ind_PK_UK id="72C173FD-0AC7-A72A-DC58-4A4E2C9AA3EB" name="PK_RESULTADO_EXAMEN">
<createdBy>Katherine</createdBy>
<createdTime>2025-09-12 23:28:40 UTC</createdTime>
<generatorID>7CD05189-12AD-206C-3E4D-4E10812DCB91</generatorID>
<ownerDesignName>sumativarespaldo</ownerDesignName>
<pk>true</pk>
<indexState>Primary Constraint</indexState>
<isSurrogateKey>false</isSurrogateKey>
<indexColumnUsage>
<colUsage columnID="CF4B785A-0AE8-6452-23B4-A07A3DA36B52"/>
</indexColumnUsage>
</ind_PK_UK>
<ind_PK_UK id="6632D25E-009E-0302-130C-AF0A7AC3F5E2" name="FK_RESULTADO_EXAMEN_EXAMEN">
<createdBy>Katherine</createdBy>
<createdTime>2025-09-12 23:28:40 UTC</createdTime>
<generatorID>62B22CC2-E826-95EB-5B36-40A93D298829</generatorID>
<ownerDesignName>sumativarespaldo</ownerDesignName>
<indexState>Foreign Key</indexState>
<isSurrogateKey>false</isSurrogateKey>
<indexColumnUsage>
<colUsage columnID="4A767359-5D9D-27C5-C5C1-C64FBB69DD76"/>
</indexColumnUsage>
</ind_PK_UK>
</indexes>
</Table>
