<?xml version = '1.0' encoding = 'UTF-8'?>
<Table class="oracle.dbtools.crest.model.design.relational.Table" directorySegmentName="seg_0" id="97A3B58B-9E4E-D9B8-7908-63FC7986FFB0" name="SEXO">
<createdBy>Katherine</createdBy>
<createdTime>2025-09-12 23:28:40 UTC</createdTime>
<generatorID>EE4F514C-73C6-B288-3A67-7599153AA1CC</generatorID>
<ownerDesignName>sumativarespaldo</ownerDesignName>
<allowColumnReorder>false</allowColumnReorder>
<existDependencyGenerateInDDl>true</existDependencyGenerateInDDl>
<parsed>true</parsed>
<columns itemClass="oracle.dbtools.crest.model.design.relational.Column">
<Column name="id_sexo" id="6A98F294-D857-A11C-74D4-E66DF2475635">
<createdBy>Katherine</createdBy>
<createdTime>2025-09-12 23:28:40 UTC</createdTime>
<generatorID>17600120-0848-A9B0-7CF0-A5BAF5E58110</generatorID>
<ownerDesignName>sumativarespaldo</ownerDesignName>
<useDomainConstraints>false</useDomainConstraints>
<use>1</use>
<logicalDatatype>LOGDT011</logicalDatatype>
<ownDataTypeParameters>,,</ownDataTypeParameters>
<autoIncrementCycle>false</autoIncrementCycle>
</Column>
<Column name="descripcion" id="906600A3-AFD6-FB45-1E2F-648E5A1BCC7B">
<createdBy>Katherine</createdBy>
<createdTime>2025-09-12 23:28:40 UTC</createdTime>
<generatorID>550529C7-AB64-0EBA-18B2-DCB3B1086AF7</generatorID>
<ownerDesignName>sumativarespaldo</ownerDesignName>
<useDomainConstraints>false</useDomainConstraints>
<use>1</use>
<logicalDatatype>LOGDT024</logicalDatatype>
<dataTypeSize>20 CHAR</dataTypeSize>
<ownDataTypeParameters>20 CHAR,,</ownDataTypeParameters>
<autoIncrementCycle>false</autoIncrementCycle>
</Column>
</columns>
<indexes itemClass="oracle.dbtools.crest.model.design.relational.Index">
<ind_PK_UK id="BD67096E-1D9D-8F15-F9F2-77C77C61BE79" name="PK_SEXO">
<createdBy>Katherine</createdBy>
<createdTime>2025-09-12 23:28:40 UTC</createdTime>
<generatorID>852A5C03-32F9-1C15-EE23-38A16FA58EB2</generatorID>
<ownerDesignName>sumativarespaldo</ownerDesignName>
<pk>true</pk>
<indexState>Primary Constraint</indexState>
<isSurrogateKey>false</isSurrogateKey>
<indexColumnUsage>
<colUsage columnID="6A98F294-D857-A11C-74D4-E66DF2475635"/>
</indexColumnUsage>
</ind_PK_UK>
</indexes>
</Table>
