<?xml version = '1.0' encoding = 'UTF-8'?>
<Table class="oracle.dbtools.crest.model.design.relational.Table" directorySegmentName="seg_0" id="98B9A3DE-BB66-9FA8-16CA-06E296CF85F0" name="MEDICO">
<createdBy>Katherine</createdBy>
<createdTime>2025-09-12 23:28:40 UTC</createdTime>
<generatorID>BB1F2A17-1D01-04EF-A8F2-6ECBF423EB14</generatorID>
<ownerDesignName>sumativarespaldo</ownerDesignName>
<allowColumnReorder>false</allowColumnReorder>
<existDependencyGenerateInDDl>true</existDependencyGenerateInDDl>
<parsed>true</parsed>
<columns itemClass="oracle.dbtools.crest.model.design.relational.Column">
<Column name="id_medico" id="9E440061-1134-4747-A2C2-25838BC4F3BF">
<createdBy>Katherine</createdBy>
<createdTime>2025-09-12 23:28:40 UTC</createdTime>
<generatorID>FED7872D-61B9-930F-7B9D-E7B1908FDB65</generatorID>
<ownerDesignName>sumativarespaldo</ownerDesignName>
<useDomainConstraints>false</useDomainConstraints>
<use>1</use>
<logicalDatatype>LOGDT011</logicalDatatype>
<ownDataTypeParameters>,,</ownDataTypeParameters>
<autoIncrementCycle>false</autoIncrementCycle>
</Column>
<Column name="run" id="62389D52-C1D8-168A-9993-3595D62F0C15">
<createdBy>Katherine</createdBy>
<createdTime>2025-09-12 23:28:40 UTC</createdTime>
<generatorID>5EF2A0EB-7AA6-E96B-E1E6-FF406BF9D83E</generatorID>
<ownerDesignName>sumativarespaldo</ownerDesignName>
<constraintName>CK_RUT_FORMATO</constraintName>
<useDomainConstraints>false</useDomainConstraints>
<use>1</use>
<logicalDatatype>LOGDT024</logicalDatatype>
<dataTypeSize>10 CHAR</dataTypeSize>
<checkConstraint>
<implementationDef dbType="Generic Constraint" definition="7 - 8 digitos + &quot;-&quot; + digito/K"/>
</checkConstraint>
<ownDataTypeParameters>10 CHAR,,</ownDataTypeParameters>
<autoIncrementCycle>false</autoIncrementCycle>
<listOfRanges>
<rangeDef class="oracle.dbtools.crest.model.design.constraint.AVT">
<beginValue>9</beginValue>
<endValue>10</endValue>
<description>longitud min y max</description>
</rangeDef>
</listOfRanges>
</Column>
<Column name="dv" id="0A05EB9D-F035-77DC-7EA6-FC18F915AC70">
<createdBy>Katherine</createdBy>
<createdTime>2025-09-12 23:28:40 UTC</createdTime>
<generatorID>44D3BE25-DE21-E0F4-C7A3-54A922CF972D</generatorID>
<ownerDesignName>sumativarespaldo</ownerDesignName>
<constraintName>CK_MEDICO</constraintName>
<useDomainConstraints>false</useDomainConstraints>
<use>1</use>
<logicalDatatype>LOGDT025</logicalDatatype>
<dataTypeSize>1 CHAR</dataTypeSize>
<listOfValues>
<valueDef value="&quot;1&quot;" description=""/>
<valueDef value="&quot;2&quot;" description=""/>
<valueDef value="&quot;3&quot;" description=""/>
<valueDef value="&quot;4&quot;" description=""/>
<valueDef value="&quot;5&quot;" description=""/>
<valueDef value="&quot;6&quot;" description=""/>
<valueDef value="&quot;7&quot;" description=""/>
<valueDef value="&quot;8&quot;" description=""/>
<valueDef value="&quot;9&quot;" description=""/>
<valueDef value="&quot;K&quot;" description=""/>
</listOfValues>
<ownDataTypeParameters>1 CHAR,,</ownDataTypeParameters>
<autoIncrementCycle>false</autoIncrementCycle>
</Column>
<Column name="ESPECIALIDAD_id_esp" id="276D054D-769C-EA68-2C1B-3ED6983FB806">
<createdBy>Katherine</createdBy>
<createdTime>2025-09-12 23:28:40 UTC</createdTime>
<generatorID>6BCA25D8-8C48-8E98-DF7D-279845AD01A7</generatorID>
<ownerDesignName>sumativarespaldo</ownerDesignName>
<useDomainConstraints>false</useDomainConstraints>
<use>1</use>
<logicalDatatype>LOGDT011</logicalDatatype>
<ownDataTypeParameters>,,</ownDataTypeParameters>
<previousColumn>false</previousColumn>
<autoIncrementCycle>false</autoIncrementCycle>
<associations>
<colAssociation fkAssociation="7A4739EE-1D47-78A6-1818-498B0F459383" referredColumn="C8259269-A6B5-A811-3C77-E956606ADA5E"/>
</associations>
</Column>
<Column name="UNIDAD_id_unidad" id="855F5856-8982-9AE1-6475-C7EE4C77EDF6">
<createdBy>Katherine</createdBy>
<createdTime>2025-09-12 23:28:40 UTC</createdTime>
<generatorID>2FA8A62F-CA19-8FCF-F7BA-6A851C9E6803</generatorID>
<ownerDesignName>sumativarespaldo</ownerDesignName>
<useDomainConstraints>false</useDomainConstraints>
<use>1</use>
<logicalDatatype>LOGDT011</logicalDatatype>
<ownDataTypeParameters>,,</ownDataTypeParameters>
<previousColumn>false</previousColumn>
<autoIncrementCycle>false</autoIncrementCycle>
<associations>
<colAssociation fkAssociation="EDBF2AFF-9B7C-7D2A-245A-5537385951E7" referredColumn="3CF9A32C-E6F3-8933-84F1-A0D41759C6EB"/>
</associations>
</Column>
<Column name="AFP_id_afp" id="AE008890-2F0E-D082-485B-944A208B849D">
<createdBy>Katherine</createdBy>
<createdTime>2025-09-12 23:28:40 UTC</createdTime>
<generatorID>B369EF8A-C6B0-3EDA-6985-B19484F6EC3F</generatorID>
<ownerDesignName>sumativarespaldo</ownerDesignName>
<useDomainConstraints>false</useDomainConstraints>
<use>1</use>
<logicalDatatype>LOGDT011</logicalDatatype>
<ownDataTypeParameters>,,</ownDataTypeParameters>
<previousColumn>false</previousColumn>
<autoIncrementCycle>false</autoIncrementCycle>
<associations>
<colAssociation fkAssociation="5C5EEE7E-014E-D1A2-2641-2F528A85932B" referredColumn="9E8D9A2D-0497-EF91-32BB-4B7343261CEE"/>
</associations>
</Column>
<Column name="SALUD_id_salud" id="ABDAE645-1B73-130F-518D-F7F0F7C45185">
<createdBy>Katherine</createdBy>
<createdTime>2025-09-12 23:28:40 UTC</createdTime>
<generatorID>7A7770FC-3C92-6349-F4CE-CCFBF336BECC</generatorID>
<ownerDesignName>sumativarespaldo</ownerDesignName>
<useDomainConstraints>false</useDomainConstraints>
<use>1</use>
<logicalDatatype>LOGDT011</logicalDatatype>
<ownDataTypeParameters>,,</ownDataTypeParameters>
<previousColumn>false</previousColumn>
<autoIncrementCycle>false</autoIncrementCycle>
<associations>
<colAssociation fkAssociation="52727E72-025A-BEC2-56EB-A8B79561BBA6" referredColumn="33C37B43-2E25-19C0-4AB2-6E5FF5D5DDE8"/>
</associations>
</Column>
<Column name="MEDICO_id_supervisor" id="54525197-4D89-2555-B16B-A5EA2808F16D">
<createdBy>Katherine</createdBy>
<createdTime>2025-09-13 01:55:29 UTC</createdTime>
<generatorID>4F987358-1A9E-4426-4D73-69963281CBA3</generatorID>
<ownerDesignName>sumativarespaldo</ownerDesignName>
<nullsAllowed>true</nullsAllowed>
<useDomainConstraints>false</useDomainConstraints>
<use>1</use>
<logicalDatatype>LOGDT011</logicalDatatype>
<ownDataTypeParameters>,,</ownDataTypeParameters>
<previousColumn>false</previousColumn>
<autoIncrementCycle>false</autoIncrementCycle>
<associations>
<colAssociation fkAssociation="A008CCAE-00C9-BE0C-FF24-970A39E59994" referredColumn="9E440061-1134-4747-A2C2-25838BC4F3BF"/>
</associations>
</Column>
<Column name="nombre" id="D9D5E3F4-5F40-762F-63C7-2E4167BA7764">
<createdBy>Katherine</createdBy>
<createdTime>2025-09-12 23:28:40 UTC</createdTime>
<generatorID>B5B216DD-D663-0792-0432-EFB08CCFB9A8</generatorID>
<ownerDesignName>sumativarespaldo</ownerDesignName>
<useDomainConstraints>false</useDomainConstraints>
<use>1</use>
<logicalDatatype>LOGDT024</logicalDatatype>
<dataTypeSize>50 CHAR</dataTypeSize>
<ownDataTypeParameters>50 CHAR,,</ownDataTypeParameters>
<autoIncrementCycle>false</autoIncrementCycle>
</Column>
<Column name="apellido" id="45B41C57-60AD-3851-C826-7873166F1976">
<createdBy>Katherine</createdBy>
<createdTime>2025-09-12 23:28:40 UTC</createdTime>
<generatorID>4EE63C59-AD61-6A01-0207-5F3B701751EF</generatorID>
<ownerDesignName>sumativarespaldo</ownerDesignName>
<useDomainConstraints>false</useDomainConstraints>
<use>1</use>
<logicalDatatype>LOGDT024</logicalDatatype>
<dataTypeSize>50 CHAR</dataTypeSize>
<ownDataTypeParameters>50 CHAR,,</ownDataTypeParameters>
<autoIncrementCycle>false</autoIncrementCycle>
</Column>
<Column name="fecha_ingreso" id="E55DF3D7-B67B-AC55-6C35-B76EB9CAF53A">
<createdBy>Katherine</createdBy>
<createdTime>2025-09-12 23:28:40 UTC</createdTime>
<generatorID>C663B66D-5376-38A2-40D9-6CDA75267524</generatorID>
<ownerDesignName>sumativarespaldo</ownerDesignName>
<useDomainConstraints>false</useDomainConstraints>
<use>1</use>
<logicalDatatype>LOGDT007</logicalDatatype>
<ownDataTypeParameters>,,</ownDataTypeParameters>
<autoIncrementCycle>false</autoIncrementCycle>
</Column>
</columns>
<indexes itemClass="oracle.dbtools.crest.model.design.relational.Index">
<ind_PK_UK id="BECF12E7-7DA7-0311-649C-C82BBD35F13F" name="PK_MEDICO">
<createdBy>Katherine</createdBy>
<createdTime>2025-09-12 23:28:40 UTC</createdTime>
<generatorID>95FD93E2-79BD-9514-40BA-3A717350426A</generatorID>
<ownerDesignName>sumativarespaldo</ownerDesignName>
<pk>true</pk>
<indexState>Primary Constraint</indexState>
<isSurrogateKey>false</isSurrogateKey>
<indexColumnUsage>
<colUsage columnID="9E440061-1134-4747-A2C2-25838BC4F3BF"/>
</indexColumnUsage>
</ind_PK_UK>
<ind_PK_UK id="A84458CA-AE87-8A3E-139B-04BB7CB1B99A" name="MEDICO_run_UN">
<createdBy>Katherine</createdBy>
<createdTime>2025-09-12 23:28:40 UTC</createdTime>
<generatorID>90C436A3-F9F6-976D-F85D-CF97EF48216D</generatorID>
<ownerDesignName>sumativarespaldo</ownerDesignName>
<indexState>Unique Constraint</indexState>
<isSurrogateKey>false</isSurrogateKey>
<indexColumnUsage>
<colUsage columnID="62389D52-C1D8-168A-9993-3595D62F0C15"/>
</indexColumnUsage>
</ind_PK_UK>
<ind_PK_UK id="680929CD-43D7-02E0-F0E2-B0688D17085D" name="MEDICO_dv_UN">
<createdBy>Katherine</createdBy>
<createdTime>2025-09-12 23:28:40 UTC</createdTime>
<generatorID>D65A0C45-B76A-8B6E-4330-9F053DB541D4</generatorID>
<ownerDesignName>sumativarespaldo</ownerDesignName>
<indexState>Unique Constraint</indexState>
<isSurrogateKey>false</isSurrogateKey>
<indexColumnUsage>
<colUsage columnID="0A05EB9D-F035-77DC-7EA6-FC18F915AC70"/>
</indexColumnUsage>
</ind_PK_UK>
<ind_PK_UK id="A1DA9D1D-59C5-D70A-95E3-3381735721E5" name="FK_MEDICO_ESPECIALIDAD">
<createdBy>Katherine</createdBy>
<createdTime>2025-09-12 23:28:40 UTC</createdTime>
<generatorID>A3593679-AE63-C686-C863-2BE8BD8C55F4</generatorID>
<ownerDesignName>sumativarespaldo</ownerDesignName>
<indexState>Foreign Key</indexState>
<isSurrogateKey>false</isSurrogateKey>
<indexColumnUsage>
<colUsage columnID="276D054D-769C-EA68-2C1B-3ED6983FB806"/>
</indexColumnUsage>
</ind_PK_UK>
<ind_PK_UK id="C46E6DD7-3F21-AE01-F543-BD23598E592A" name="FK_MEDICO_UNIDAD">
<createdBy>Katherine</createdBy>
<createdTime>2025-09-12 23:28:40 UTC</createdTime>
<generatorID>4F9E74E7-9FB0-4159-F884-24D2778D00CA</generatorID>
<ownerDesignName>sumativarespaldo</ownerDesignName>
<indexState>Foreign Key</indexState>
<isSurrogateKey>false</isSurrogateKey>
<indexColumnUsage>
<colUsage columnID="855F5856-8982-9AE1-6475-C7EE4C77EDF6"/>
</indexColumnUsage>
</ind_PK_UK>
<ind_PK_UK id="96C61D7A-2322-03CB-7119-CD68B880C714" name="FK_MEDICO_AFP">
<createdBy>Katherine</createdBy>
<createdTime>2025-09-12 23:28:40 UTC</createdTime>
<generatorID>F870F280-F149-B454-B2E0-56AFD7780AA7</generatorID>
<ownerDesignName>sumativarespaldo</ownerDesignName>
<indexState>Foreign Key</indexState>
<isSurrogateKey>false</isSurrogateKey>
<indexColumnUsage>
<colUsage columnID="AE008890-2F0E-D082-485B-944A208B849D"/>
</indexColumnUsage>
</ind_PK_UK>
<ind_PK_UK id="AAD36576-6575-C8FC-1EF7-C9028E9BAB50" name="FK_MEDICO_SALUD">
<createdBy>Katherine</createdBy>
<createdTime>2025-09-12 23:28:40 UTC</createdTime>
<generatorID>9DEA10B1-CA34-A01D-A36E-BD6B08581D89</generatorID>
<ownerDesignName>sumativarespaldo</ownerDesignName>
<indexState>Foreign Key</indexState>
<isSurrogateKey>false</isSurrogateKey>
<indexColumnUsage>
<colUsage columnID="ABDAE645-1B73-130F-518D-F7F0F7C45185"/>
</indexColumnUsage>
</ind_PK_UK>
<ind_PK_UK id="17A20FB5-FC74-BAED-B90A-71DA4D3DE3A6" name="FK_MEDICO_SUPERVISOR">
<createdBy>Katherine</createdBy>
<createdTime>2025-09-13 01:55:29 UTC</createdTime>
<generatorID>82D17975-27B3-B574-8B64-B49FAF7E5A98</generatorID>
<ownerDesignName>sumativarespaldo</ownerDesignName>
<indexState>Foreign Key</indexState>
<isSurrogateKey>false</isSurrogateKey>
<indexColumnUsage>
<colUsage columnID="54525197-4D89-2555-B16B-A5EA2808F16D"/>
</indexColumnUsage>
</ind_PK_UK>
</indexes>
</Table>
