<?xml version = '1.0' encoding = 'UTF-8'?>
<Table class="oracle.dbtools.crest.model.design.relational.Table" directorySegmentName="seg_0" id="B0F7B8EF-8101-BA06-22F3-D44CE61EDB2F" name="DERIVACION">
<createdBy>Katherine</createdBy>
<createdTime>2025-09-12 23:28:40 UTC</createdTime>
<generatorID>01885755-B0B8-23CA-CFBE-66C4DB38FED8</generatorID>
<ownerDesignName>sumativarespaldo</ownerDesignName>
<allowColumnReorder>false</allowColumnReorder>
<existDependencyGenerateInDDl>true</existDependencyGenerateInDDl>
<parsed>true</parsed>
<columns itemClass="oracle.dbtools.crest.model.design.relational.Column">
<Column name="id_derivacion" id="B3ACE69A-7C99-AC31-809B-CC3F1ABBE7A4">
<createdBy>Katherine</createdBy>
<createdTime>2025-09-12 23:28:40 UTC</createdTime>
<generatorID>21AFADDD-CCBD-5B27-C95F-2A22C9CDB548</generatorID>
<ownerDesignName>sumativarespaldo</ownerDesignName>
<useDomainConstraints>false</useDomainConstraints>
<use>1</use>
<logicalDatatype>LOGDT011</logicalDatatype>
<ownDataTypeParameters>,,</ownDataTypeParameters>
<autoIncrementCycle>false</autoIncrementCycle>
</Column>
<Column name="MEDICO_id_medico" id="6D9C2123-38D8-2929-BF98-4F173DDB8838">
<createdBy>Katherine</createdBy>
<createdTime>2025-09-12 23:28:40 UTC</createdTime>
<generatorID>FE2C245C-B72A-822E-6064-C34FBEEFFEA0</generatorID>
<ownerDesignName>sumativarespaldo</ownerDesignName>
<useDomainConstraints>false</useDomainConstraints>
<use>1</use>
<logicalDatatype>LOGDT011</logicalDatatype>
<ownDataTypeParameters>,,</ownDataTypeParameters>
<previousColumn>false</previousColumn>
<autoIncrementCycle>false</autoIncrementCycle>
<associations>
<colAssociation fkAssociation="4423CD18-0CB7-D45A-B28F-1FA8E483289A" referredColumn="9E440061-1134-4747-A2C2-25838BC4F3BF"/>
</associations>
</Column>
<Column name="fecha_derivacion" id="17EEB795-6B45-1FA3-F263-F5E74061F5B4">
<createdBy>Katherine</createdBy>
<createdTime>2025-09-12 23:28:40 UTC</createdTime>
<generatorID>9094A922-007B-8A6D-FEC6-996D201FA274</generatorID>
<ownerDesignName>sumativarespaldo</ownerDesignName>
<useDomainConstraints>false</useDomainConstraints>
<use>1</use>
<logicalDatatype>LOGDT007</logicalDatatype>
<ownDataTypeParameters>,,</ownDataTypeParameters>
<autoIncrementCycle>false</autoIncrementCycle>
</Column>
</columns>
<indexes itemClass="oracle.dbtools.crest.model.design.relational.Index">
<ind_PK_UK id="041CAEE6-3396-C898-4FBF-F8818D96C04D" name="PK_DERIVACION">
<createdBy>Katherine</createdBy>
<createdTime>2025-09-12 23:28:40 UTC</createdTime>
<generatorID>655CDB06-E307-0BF1-7E66-1E53CB793A68</generatorID>
<ownerDesignName>sumativarespaldo</ownerDesignName>
<pk>true</pk>
<indexState>Primary Constraint</indexState>
<isSurrogateKey>false</isSurrogateKey>
<indexColumnUsage>
<colUsage columnID="B3ACE69A-7C99-AC31-809B-CC3F1ABBE7A4"/>
</indexColumnUsage>
</ind_PK_UK>
<ind_PK_UK id="4AC307C1-9A07-B283-652C-BE7B98C4D0D1" name="FK_DERIVACION_MEDICO">
<createdBy>Katherine</createdBy>
<createdTime>2025-09-12 23:28:40 UTC</createdTime>
<generatorID>8E93DFE9-C40D-1498-2AB4-0922F402FDC5</generatorID>
<ownerDesignName>sumativarespaldo</ownerDesignName>
<indexState>Foreign Key</indexState>
<isSurrogateKey>false</isSurrogateKey>
<indexColumnUsage>
<colUsage columnID="6D9C2123-38D8-2929-BF98-4F173DDB8838"/>
</indexColumnUsage>
</ind_PK_UK>
</indexes>
</Table>
