<?xml version = '1.0' encoding = 'UTF-8'?>
<Table class="oracle.dbtools.crest.model.design.relational.Table" directorySegmentName="seg_0" id="BE6EE962-D11C-1FF9-51BB-8077E07FE004" name="TARJETA">
<createdBy>Katherine</createdBy>
<createdTime>2025-09-12 23:28:40 UTC</createdTime>
<generatorID>7DABB7F0-7D4A-840A-2BF4-E4D232C58D08</generatorID>
<ownerDesignName>sumativarespaldo</ownerDesignName>
<allowColumnReorder>false</allowColumnReorder>
<existDependencyGenerateInDDl>true</existDependencyGenerateInDDl>
<parsed>true</parsed>
<columns itemClass="oracle.dbtools.crest.model.design.relational.Column">
<Column name="id_pago" id="4B045752-8028-6B96-4DD1-1D00A05BC6A7">
<createdBy>Katherine</createdBy>
<createdTime>2025-09-12 23:28:40 UTC</createdTime>
<generatorID>47FC70AF-8CDF-6679-5AF4-B1886D3D004D</generatorID>
<ownerDesignName>sumativarespaldo</ownerDesignName>
<useDomainConstraints>false</useDomainConstraints>
<use>1</use>
<logicalDatatype>LOGDT011</logicalDatatype>
<ownDataTypeParameters>,,</ownDataTypeParameters>
<autoIncrementCycle>false</autoIncrementCycle>
<associations>
<colAssociation fkAssociation="5062DA97-9E99-A70A-C788-14F483EA65F5" referredColumn="A059A057-584E-11EB-2815-E0CB4F084DDE"/>
</associations>
</Column>
<Column name="id_tarjeta" id="41EA3B3D-4098-B00A-6AD3-E591F70B5C37">
<createdBy>Katherine</createdBy>
<createdTime>2025-09-12 23:28:40 UTC</createdTime>
<generatorID>1FE814DE-C062-B327-F1EF-3835469D0B0F</generatorID>
<ownerDesignName>sumativarespaldo</ownerDesignName>
<useDomainConstraints>false</useDomainConstraints>
<use>1</use>
<logicalDatatype>LOGDT011</logicalDatatype>
<ownDataTypeParameters>,,</ownDataTypeParameters>
<autoIncrementCycle>false</autoIncrementCycle>
</Column>
</columns>
<indexes itemClass="oracle.dbtools.crest.model.design.relational.Index">
<ind_PK_UK id="5F7759DC-0F33-54A5-4448-5C3EC7D05B52" name="PK_TARJETA">
<createdBy>Katherine</createdBy>
<createdTime>2025-09-12 23:28:40 UTC</createdTime>
<generatorID>8D8025FD-BE58-BA1D-19A3-5E972C402AE6</generatorID>
<ownerDesignName>sumativarespaldo</ownerDesignName>
<pk>true</pk>
<indexState>Primary Constraint</indexState>
<isSurrogateKey>false</isSurrogateKey>
<indexColumnUsage>
<colUsage columnID="4B045752-8028-6B96-4DD1-1D00A05BC6A7"/>
</indexColumnUsage>
</ind_PK_UK>
<ind_PK_UK id="B58100DA-19A2-0D98-4760-910DBFC403BE" name="TARJETA_PK">
<createdBy>Katherine</createdBy>
<createdTime>2025-09-12 23:28:40 UTC</createdTime>
<generatorID>3BE526D9-DADF-8D83-F925-7BE2634744A0</generatorID>
<ownerDesignName>sumativarespaldo</ownerDesignName>
<indexState>Unique Constraint</indexState>
<isSurrogateKey>false</isSurrogateKey>
<indexColumnUsage>
<colUsage columnID="41EA3B3D-4098-B00A-6AD3-E591F70B5C37"/>
</indexColumnUsage>
</ind_PK_UK>
<ind_PK_UK id="71F619A9-05D8-B9D0-4D46-E7832B58777A" name="FK_TARJETA_PAGO_ATENCION">
<createdBy>Katherine</createdBy>
<createdTime>2025-09-12 23:28:40 UTC</createdTime>
<generatorID>27F6E793-F474-F28E-6E35-0F23550EF68C</generatorID>
<ownerDesignName>sumativarespaldo</ownerDesignName>
<indexState>Foreign Key</indexState>
<isSurrogateKey>false</isSurrogateKey>
<indexColumnUsage>
<colUsage columnID="4B045752-8028-6B96-4DD1-1D00A05BC6A7"/>
</indexColumnUsage>
</ind_PK_UK>
</indexes>
</Table>
