<?xml version = '1.0' encoding = 'UTF-8'?>
<Table class="oracle.dbtools.crest.model.design.relational.Table" directorySegmentName="seg_0" id="CC5193A3-BF63-624A-77B6-1EF2D8D46E18" name="EFECTIVO">
<createdBy>Katherine</createdBy>
<createdTime>2025-09-12 23:28:40 UTC</createdTime>
<generatorID>1F58D805-9E24-1D01-1DB0-246159D080FF</generatorID>
<ownerDesignName>sumativarespaldo</ownerDesignName>
<allowColumnReorder>false</allowColumnReorder>
<existDependencyGenerateInDDl>true</existDependencyGenerateInDDl>
<parsed>true</parsed>
<columns itemClass="oracle.dbtools.crest.model.design.relational.Column">
<Column name="id_pago" id="EB36140B-FC0E-8BA4-4F48-68193DBD7912">
<createdBy>Katherine</createdBy>
<createdTime>2025-09-12 23:28:40 UTC</createdTime>
<generatorID>47FC70AF-8CDF-6679-5AF4-B1886D3D004D</generatorID>
<ownerDesignName>sumativarespaldo</ownerDesignName>
<useDomainConstraints>false</useDomainConstraints>
<use>1</use>
<logicalDatatype>LOGDT011</logicalDatatype>
<ownDataTypeParameters>,,</ownDataTypeParameters>
<autoIncrementCycle>false</autoIncrementCycle>
<associations>
<colAssociation fkAssociation="643F3681-CA90-64D7-72C2-4911D7ED5129" referredColumn="A059A057-584E-11EB-2815-E0CB4F084DDE"/>
</associations>
</Column>
<Column name="id_efectivo" id="E8DC3F7C-82CA-FE38-2337-F2B3A7272BF8">
<createdBy>Katherine</createdBy>
<createdTime>2025-09-12 23:28:40 UTC</createdTime>
<generatorID>C34E6CA4-FE52-8DEB-75BF-A0ED89057486</generatorID>
<ownerDesignName>sumativarespaldo</ownerDesignName>
<useDomainConstraints>false</useDomainConstraints>
<use>1</use>
<logicalDatatype>LOGDT011</logicalDatatype>
<ownDataTypeParameters>,,</ownDataTypeParameters>
<autoIncrementCycle>false</autoIncrementCycle>
</Column>
</columns>
<indexes itemClass="oracle.dbtools.crest.model.design.relational.Index">
<ind_PK_UK id="EC0E1BE3-0709-A5E3-DDE2-EBB986F748B0" name="PK_EFECTIVO">
<createdBy>Katherine</createdBy>
<createdTime>2025-09-12 23:28:40 UTC</createdTime>
<generatorID>8D8025FD-BE58-BA1D-19A3-5E972C402AE6</generatorID>
<ownerDesignName>sumativarespaldo</ownerDesignName>
<pk>true</pk>
<indexState>Primary Constraint</indexState>
<isSurrogateKey>false</isSurrogateKey>
<indexColumnUsage>
<colUsage columnID="EB36140B-FC0E-8BA4-4F48-68193DBD7912"/>
</indexColumnUsage>
</ind_PK_UK>
<ind_PK_UK id="8CA5FA8F-09EC-635F-7627-69D5469EAEEB" name="EFECTIVO_PK">
<createdBy>Katherine</createdBy>
<createdTime>2025-09-12 23:28:40 UTC</createdTime>
<generatorID>7F673C0D-84D9-9F10-E59B-CFBC1CC968CB</generatorID>
<ownerDesignName>sumativarespaldo</ownerDesignName>
<indexState>Unique Constraint</indexState>
<isSurrogateKey>false</isSurrogateKey>
<indexColumnUsage>
<colUsage columnID="E8DC3F7C-82CA-FE38-2337-F2B3A7272BF8"/>
</indexColumnUsage>
</ind_PK_UK>
<ind_PK_UK id="D37E43F9-943F-7397-3F18-81F896D956D6" name="FK_EFECTIVO_PAGO_ATENCION">
<createdBy>Katherine</createdBy>
<createdTime>2025-09-12 23:28:40 UTC</createdTime>
<generatorID>6592765E-0816-6CEE-960A-6C3230749F61</generatorID>
<ownerDesignName>sumativarespaldo</ownerDesignName>
<indexState>Foreign Key</indexState>
<isSurrogateKey>false</isSurrogateKey>
<indexColumnUsage>
<colUsage columnID="EB36140B-FC0E-8BA4-4F48-68193DBD7912"/>
</indexColumnUsage>
</ind_PK_UK>
</indexes>
</Table>
