<?xml version = '1.0' encoding = 'UTF-8'?>
<Table class="oracle.dbtools.crest.model.design.relational.Table" directorySegmentName="seg_0" id="D3984DC8-C63D-764D-C00C-46574950385A" name="ATENCION_MEDICA">
<createdBy>Katherine</createdBy>
<createdTime>2025-09-12 23:28:40 UTC</createdTime>
<generatorID>8E585DCB-E31D-BF73-0B76-45CDF0E4D922</generatorID>
<ownerDesignName>sumativarespaldo</ownerDesignName>
<allowColumnReorder>false</allowColumnReorder>
<existDependencyGenerateInDDl>true</existDependencyGenerateInDDl>
<parsed>true</parsed>
<columns itemClass="oracle.dbtools.crest.model.design.relational.Column">
<Column name="id_atencion" id="0950EDB6-927B-A391-6B98-8A88D8857950">
<createdBy>Katherine</createdBy>
<createdTime>2025-09-12 23:28:40 UTC</createdTime>
<generatorID>E19BAAFC-4126-019F-6163-7537D5A0E21D</generatorID>
<ownerDesignName>sumativarespaldo</ownerDesignName>
<useDomainConstraints>false</useDomainConstraints>
<use>1</use>
<logicalDatatype>LOGDT011</logicalDatatype>
<ownDataTypeParameters>,,</ownDataTypeParameters>
<autoIncrementCycle>false</autoIncrementCycle>
</Column>
<Column name="PACIENTE_id_paciente" id="A1F5B3B5-5C4D-5FD1-7C44-3AF6EE530A1B">
<createdBy>Katherine</createdBy>
<createdTime>2025-09-12 23:28:40 UTC</createdTime>
<generatorID>4274CC07-0E36-8A9C-BF27-B2E89ADF89DB</generatorID>
<ownerDesignName>sumativarespaldo</ownerDesignName>
<useDomainConstraints>false</useDomainConstraints>
<use>1</use>
<logicalDatatype>LOGDT011</logicalDatatype>
<ownDataTypeParameters>,,</ownDataTypeParameters>
<previousColumn>false</previousColumn>
<autoIncrementCycle>false</autoIncrementCycle>
<associations>
<colAssociation fkAssociation="BC4D6918-B6A0-DDF8-43AB-1BF3FA0DCC15" referredColumn="D51EC7A5-6C64-87E5-C910-7817D59AEE4C"/>
</associations>
</Column>
<Column name="MEDICO_id_medico" id="C8A2A9CB-9753-4E3D-2059-B4A72B48937E">
<createdBy>Katherine</createdBy>
<createdTime>2025-09-12 23:28:40 UTC</createdTime>
<generatorID>6D3FF863-8CF4-D006-5BB4-BAC72DE2A40B</generatorID>
<ownerDesignName>sumativarespaldo</ownerDesignName>
<useDomainConstraints>false</useDomainConstraints>
<use>1</use>
<logicalDatatype>LOGDT011</logicalDatatype>
<ownDataTypeParameters>,,</ownDataTypeParameters>
<previousColumn>false</previousColumn>
<autoIncrementCycle>false</autoIncrementCycle>
<associations>
<colAssociation fkAssociation="4E6FD3B1-8065-BDEF-3475-66B3ECB2422C" referredColumn="9E440061-1134-4747-A2C2-25838BC4F3BF"/>
</associations>
</Column>
<Column name="TIPO_ATENCION_id_tipo_atencion" id="DC7E4FFF-3C0E-0459-E2EE-4B217F3EC5F7">
<createdBy>Katherine</createdBy>
<createdTime>2025-09-12 23:28:40 UTC</createdTime>
<generatorID>FB4E513D-596F-816B-768A-CFD264EBE559</generatorID>
<ownerDesignName>sumativarespaldo</ownerDesignName>
<useDomainConstraints>false</useDomainConstraints>
<use>1</use>
<logicalDatatype>LOGDT011</logicalDatatype>
<ownDataTypeParameters>,,</ownDataTypeParameters>
<previousColumn>false</previousColumn>
<autoIncrementCycle>false</autoIncrementCycle>
<associations>
<colAssociation fkAssociation="9B29C23E-C2E5-A40A-60A1-876A9EF61933" referredColumn="C1BE7510-9C98-6301-4FC9-057D2A77A2F6"/>
</associations>
</Column>
<Column name="MODALIDAD_id_modalidad" id="83F85784-5271-82A8-76C3-67B2F05A76A6">
<createdBy>Katherine</createdBy>
<createdTime>2025-09-12 23:28:40 UTC</createdTime>
<generatorID>BA2F033A-A2AA-5FE5-66E8-A27A5521E34E</generatorID>
<ownerDesignName>sumativarespaldo</ownerDesignName>
<useDomainConstraints>false</useDomainConstraints>
<use>1</use>
<logicalDatatype>LOGDT011</logicalDatatype>
<ownDataTypeParameters>,,</ownDataTypeParameters>
<previousColumn>false</previousColumn>
<autoIncrementCycle>false</autoIncrementCycle>
<associations>
<colAssociation fkAssociation="424C7D58-40DF-9199-7454-E051A8F39F39" referredColumn="C94ECFD3-6C73-5681-906A-840168F1038C"/>
</associations>
</Column>
<Column name="DERIVACION_id_derivacion" id="005A902D-1D07-1F88-058C-903D224520D3">
<createdBy>Katherine</createdBy>
<createdTime>2025-09-12 23:28:40 UTC</createdTime>
<generatorID>663E949B-A2AC-F5B3-06A0-06CDB229D45D</generatorID>
<ownerDesignName>sumativarespaldo</ownerDesignName>
<useDomainConstraints>false</useDomainConstraints>
<use>1</use>
<logicalDatatype>LOGDT011</logicalDatatype>
<ownDataTypeParameters>,,</ownDataTypeParameters>
<previousColumn>false</previousColumn>
<autoIncrementCycle>false</autoIncrementCycle>
<associations>
<colAssociation fkAssociation="FF7C3A01-3067-54CA-56C9-835DAC4E244F" referredColumn="B3ACE69A-7C99-AC31-809B-CC3F1ABBE7A4"/>
</associations>
</Column>
<Column name="fecha_atencion" id="80E24421-982F-C671-DCAB-1724ADD10D21">
<createdBy>Katherine</createdBy>
<createdTime>2025-09-12 23:28:40 UTC</createdTime>
<generatorID>0C60CE0C-0346-688B-4E90-BCBE4EDC726F</generatorID>
<ownerDesignName>sumativarespaldo</ownerDesignName>
<useDomainConstraints>false</useDomainConstraints>
<use>1</use>
<logicalDatatype>LOGDT007</logicalDatatype>
<ownDataTypeParameters>,,</ownDataTypeParameters>
<autoIncrementCycle>false</autoIncrementCycle>
</Column>
<Column name="diagnostico" id="58BB47F2-C1D8-2C05-39FB-2B75684DFDE6">
<createdBy>Katherine</createdBy>
<createdTime>2025-09-12 23:28:40 UTC</createdTime>
<generatorID>1B0C56FE-B8D9-AB31-DD75-4EAA206FDD91</generatorID>
<ownerDesignName>sumativarespaldo</ownerDesignName>
<useDomainConstraints>false</useDomainConstraints>
<use>1</use>
<logicalDatatype>LOGDT024</logicalDatatype>
<dataTypeSize>100 CHAR</dataTypeSize>
<ownDataTypeParameters>100 CHAR,,</ownDataTypeParameters>
<autoIncrementCycle>false</autoIncrementCycle>
</Column>
<Column name="fecha_registro" id="FFA1887E-6656-A452-6EBF-D44CBB381CF0">
<createdBy>Katherine</createdBy>
<createdTime>2025-09-12 23:28:40 UTC</createdTime>
<generatorID>0F2626E1-CFAF-6A14-334C-91A8D95E9EC2</generatorID>
<ownerDesignName>sumativarespaldo</ownerDesignName>
<nullsAllowed>true</nullsAllowed>
<useDomainConstraints>false</useDomainConstraints>
<use>1</use>
<logicalDatatype>LOGDT007</logicalDatatype>
<ownDataTypeParameters>,,</ownDataTypeParameters>
<autoIncrementCycle>false</autoIncrementCycle>
</Column>
<Column name="usuario_registro" id="3458FB16-9D39-A1C7-3F95-4DF1682D5C6E">
<createdBy>Katherine</createdBy>
<createdTime>2025-09-12 23:28:40 UTC</createdTime>
<generatorID>BA47C57B-C040-94B0-4749-77C97ECD1561</generatorID>
<ownerDesignName>sumativarespaldo</ownerDesignName>
<nullsAllowed>true</nullsAllowed>
<useDomainConstraints>false</useDomainConstraints>
<use>1</use>
<logicalDatatype>LOGDT024</logicalDatatype>
<dataTypeSize>30 CHAR</dataTypeSize>
<ownDataTypeParameters>30 CHAR,,</ownDataTypeParameters>
<autoIncrementCycle>false</autoIncrementCycle>
</Column>
<Column name="fecha_modificacion" id="A01ABE7F-7A71-435A-6202-EA5D344A3D91">
<createdBy>Katherine</createdBy>
<createdTime>2025-09-12 23:28:40 UTC</createdTime>
<generatorID>16BE0080-667D-6CCC-74C1-D63778EBD9C7</generatorID>
<ownerDesignName>sumativarespaldo</ownerDesignName>
<nullsAllowed>true</nullsAllowed>
<useDomainConstraints>false</useDomainConstraints>
<use>1</use>
<logicalDatatype>LOGDT007</logicalDatatype>
<ownDataTypeParameters>,,</ownDataTypeParameters>
<autoIncrementCycle>false</autoIncrementCycle>
</Column>
</columns>
<indexes itemClass="oracle.dbtools.crest.model.design.relational.Index">
<ind_PK_UK id="2A9F71E5-7558-F2AB-6AF5-49F5E21A8C26" name="PK_ATENCION_MEDICA">
<createdBy>Katherine</createdBy>
<createdTime>2025-09-12 23:28:40 UTC</createdTime>
<generatorID>AA530F6D-8E58-F5C0-75C8-104CB1521051</generatorID>
<ownerDesignName>sumativarespaldo</ownerDesignName>
<pk>true</pk>
<indexState>Primary Constraint</indexState>
<isSurrogateKey>false</isSurrogateKey>
<indexColumnUsage>
<colUsage columnID="0950EDB6-927B-A391-6B98-8A88D8857950"/>
</indexColumnUsage>
</ind_PK_UK>
<ind_PK_UK id="6B44CEEE-169A-2FE9-7820-D25E023E779B" name="FK_ATENCION_MED_PACIEN">
<createdBy>Katherine</createdBy>
<createdTime>2025-09-12 23:28:40 UTC</createdTime>
<generatorID>266334A6-4CC2-616D-3F48-171FA50C4C87</generatorID>
<ownerDesignName>sumativarespaldo</ownerDesignName>
<indexState>Foreign Key</indexState>
<isSurrogateKey>false</isSurrogateKey>
<indexColumnUsage>
<colUsage columnID="A1F5B3B5-5C4D-5FD1-7C44-3AF6EE530A1B"/>
</indexColumnUsage>
</ind_PK_UK>
<ind_PK_UK id="DCCEE8C0-9C58-ED38-13D2-524BFBD14A58" name="FK_ATENCION_MED_MEDICO">
<createdBy>Katherine</createdBy>
<createdTime>2025-09-12 23:28:40 UTC</createdTime>
<generatorID>2259A0D5-12BE-D61C-BB00-065988722C0B</generatorID>
<ownerDesignName>sumativarespaldo</ownerDesignName>
<indexState>Foreign Key</indexState>
<isSurrogateKey>false</isSurrogateKey>
<indexColumnUsage>
<colUsage columnID="C8A2A9CB-9753-4E3D-2059-B4A72B48937E"/>
</indexColumnUsage>
</ind_PK_UK>
<ind_PK_UK id="2D783F3F-151F-7C6F-531C-B27952687A8D" name="FK_ATENCION_MED_TIPO_ATEN">
<createdBy>Katherine</createdBy>
<createdTime>2025-09-12 23:28:40 UTC</createdTime>
<generatorID>DA2CD7CD-5E22-CFAD-EC02-A61E7842C7F1</generatorID>
<ownerDesignName>sumativarespaldo</ownerDesignName>
<indexState>Foreign Key</indexState>
<isSurrogateKey>false</isSurrogateKey>
<indexColumnUsage>
<colUsage columnID="DC7E4FFF-3C0E-0459-E2EE-4B217F3EC5F7"/>
</indexColumnUsage>
</ind_PK_UK>
<ind_PK_UK id="432B9B46-BC15-EEE9-A61B-D2778F1B20DE" name="FK_ATENCION_MED_DERIV">
<createdBy>Katherine</createdBy>
<createdTime>2025-09-12 23:28:40 UTC</createdTime>
<generatorID>00E0ED2A-9E5D-41E2-9D7C-4E0B3CAF6247</generatorID>
<ownerDesignName>sumativarespaldo</ownerDesignName>
<indexState>Foreign Key</indexState>
<isSurrogateKey>false</isSurrogateKey>
<indexColumnUsage>
<colUsage columnID="005A902D-1D07-1F88-058C-903D224520D3"/>
</indexColumnUsage>
</ind_PK_UK>
<ind_PK_UK id="E1C7C67F-B030-552A-9A61-1B9FCE1ECBE0" name="FK_ATENCION_MED_MOD">
<createdBy>Katherine</createdBy>
<createdTime>2025-09-12 23:28:40 UTC</createdTime>
<generatorID>0806B8AC-D682-5734-38EB-95F83357348A</generatorID>
<ownerDesignName>sumativarespaldo</ownerDesignName>
<indexState>Foreign Key</indexState>
<isSurrogateKey>false</isSurrogateKey>
<indexColumnUsage>
<colUsage columnID="83F85784-5271-82A8-76C3-67B2F05A76A6"/>
</indexColumnUsage>
</ind_PK_UK>
</indexes>
</Table>
