<?xml version = '1.0' encoding = 'UTF-8'?>
<Table class="oracle.dbtools.crest.model.design.relational.Table" directorySegmentName="seg_0" id="D3E8E610-AC5F-6A12-5B31-C8ED7116BEF7" name="PACIENTE">
<createdBy>Katherine</createdBy>
<createdTime>2025-09-12 23:28:40 UTC</createdTime>
<generatorID>D59DFFAF-C30E-6E9D-2F99-6F3ED95434AF</generatorID>
<ownerDesignName>sumativarespaldo</ownerDesignName>
<allowColumnReorder>false</allowColumnReorder>
<existDependencyGenerateInDDl>true</existDependencyGenerateInDDl>
<parsed>true</parsed>
<columns itemClass="oracle.dbtools.crest.model.design.relational.Column">
<Column name="id_paciente" id="D51EC7A5-6C64-87E5-C910-7817D59AEE4C">
<createdBy>Katherine</createdBy>
<createdTime>2025-09-12 23:28:40 UTC</createdTime>
<generatorID>034376E0-EDF3-6F6B-B5CD-A368D99E0DB3</generatorID>
<ownerDesignName>sumativarespaldo</ownerDesignName>
<useDomainConstraints>false</useDomainConstraints>
<use>1</use>
<logicalDatatype>LOGDT011</logicalDatatype>
<ownDataTypeParameters>,,</ownDataTypeParameters>
<autoIncrementCycle>false</autoIncrementCycle>
</Column>
<Column name="run" id="743B178D-9EB8-0DA9-0099-47A8E1C88B6B">
<createdBy>Katherine</createdBy>
<createdTime>2025-09-12 23:28:40 UTC</createdTime>
<generatorID>544CEA5F-B11C-D7A1-14A7-1E207977BC87</generatorID>
<ownerDesignName>sumativarespaldo</ownerDesignName>
<constraintName>CK_PACIENTE_RUN</constraintName>
<useDomainConstraints>false</useDomainConstraints>
<use>1</use>
<logicalDatatype>LOGDT024</logicalDatatype>
<dataTypeSize>8 CHAR</dataTypeSize>
<checkConstraint>
<implementationDef dbType="Generic Constraint" definition="7 - 8 digitos"/>
</checkConstraint>
<ownDataTypeParameters>8 CHAR,,</ownDataTypeParameters>
<autoIncrementCycle>false</autoIncrementCycle>
<listOfRanges>
<rangeDef class="oracle.dbtools.crest.model.design.constraint.AVT">
<beginValue>7</beginValue>
<endValue>8</endValue>
<description>longitud min y max</description>
</rangeDef>
</listOfRanges>
</Column>
<Column name="dv" id="1BE300DC-A331-1E38-2B4F-A01388C1D842">
<createdBy>Katherine</createdBy>
<createdTime>2025-09-12 23:28:40 UTC</createdTime>
<generatorID>FCCDC9E8-C392-BE34-F459-271D1A750121</generatorID>
<ownerDesignName>sumativarespaldo</ownerDesignName>
<constraintName>CK_PACIENTE_DV</constraintName>
<useDomainConstraints>false</useDomainConstraints>
<use>1</use>
<logicalDatatype>LOGDT025</logicalDatatype>
<dataTypeSize>1 CHAR</dataTypeSize>
<listOfValues>
<valueDef value="&quot;1&quot;" description=""/>
<valueDef value="&quot;2&quot;" description=""/>
<valueDef value="&quot;3&quot;" description=""/>
<valueDef value="&quot;4&quot;" description=""/>
<valueDef value="&quot;5&quot;" description=""/>
<valueDef value="&quot;6&quot;" description=""/>
<valueDef value="&quot;7&quot;" description=""/>
<valueDef value="&quot;8&quot;" description=""/>
<valueDef value="&quot;9&quot;" description=""/>
<valueDef value="&quot;K&quot;" description=""/>
</listOfValues>
<ownDataTypeParameters>1 CHAR,,</ownDataTypeParameters>
<autoIncrementCycle>false</autoIncrementCycle>
</Column>
<Column name="COMUNA_id_comuna" id="0381E3DB-F3A3-3893-EDFD-8A3325FE0448">
<createdBy>Katherine</createdBy>
<createdTime>2025-09-12 23:28:40 UTC</createdTime>
<generatorID>43777ED6-F550-864E-409E-C4D155858042</generatorID>
<ownerDesignName>sumativarespaldo</ownerDesignName>
<useDomainConstraints>false</useDomainConstraints>
<use>1</use>
<logicalDatatype>LOGDT011</logicalDatatype>
<ownDataTypeParameters>,,</ownDataTypeParameters>
<previousColumn>false</previousColumn>
<autoIncrementCycle>false</autoIncrementCycle>
<associations>
<colAssociation fkAssociation="14C628E8-AD3C-F9F9-E52E-42B6D3E11933" referredColumn="2EB6A899-FCA1-B934-AB6A-8CC56CF7E60A"/>
</associations>
</Column>
<Column name="TIPO_USUARIO_id_usuario" id="9A7E4F81-BAD3-A40D-8C17-B6A53AA0B33B">
<createdBy>Katherine</createdBy>
<createdTime>2025-09-12 23:28:40 UTC</createdTime>
<generatorID>B0339864-4E16-1631-1CDC-6E710C2588DD</generatorID>
<ownerDesignName>sumativarespaldo</ownerDesignName>
<useDomainConstraints>false</useDomainConstraints>
<use>1</use>
<logicalDatatype>LOGDT011</logicalDatatype>
<ownDataTypeParameters>,,</ownDataTypeParameters>
<previousColumn>false</previousColumn>
<autoIncrementCycle>false</autoIncrementCycle>
<associations>
<colAssociation fkAssociation="65E206AD-956E-21B1-0FC2-3F7188A8732A" referredColumn="21700E53-C034-4DDE-FDA6-89B95D0C06A7"/>
</associations>
</Column>
<Column name="SEXO_id_sexo" id="87E85AB6-753B-F113-4827-49741D7A8A24">
<createdBy>Katherine</createdBy>
<createdTime>2025-09-12 23:28:40 UTC</createdTime>
<generatorID>E2B6CB00-0A13-B46A-DF2D-004BBFF3A545</generatorID>
<ownerDesignName>sumativarespaldo</ownerDesignName>
<useDomainConstraints>false</useDomainConstraints>
<use>1</use>
<logicalDatatype>LOGDT011</logicalDatatype>
<ownDataTypeParameters>,,</ownDataTypeParameters>
<previousColumn>false</previousColumn>
<autoIncrementCycle>false</autoIncrementCycle>
<associations>
<colAssociation fkAssociation="D92E5708-357B-C232-39FF-AD1EDA7171FE" referredColumn="6A98F294-D857-A11C-74D4-E66DF2475635"/>
</associations>
</Column>
<Column name="nombre" id="115E3E69-55E5-D050-61FC-DAA4129E62F9">
<createdBy>Katherine</createdBy>
<createdTime>2025-09-12 23:28:40 UTC</createdTime>
<generatorID>239D0423-C85B-A61B-E25F-B7251E989764</generatorID>
<ownerDesignName>sumativarespaldo</ownerDesignName>
<useDomainConstraints>false</useDomainConstraints>
<use>1</use>
<logicalDatatype>LOGDT024</logicalDatatype>
<dataTypeSize>30 CHAR</dataTypeSize>
<ownDataTypeParameters>30 CHAR,,</ownDataTypeParameters>
<autoIncrementCycle>false</autoIncrementCycle>
</Column>
<Column name="apellido" id="11AE595F-C657-C07F-F934-238E5BE043E5">
<createdBy>Katherine</createdBy>
<createdTime>2025-09-12 23:28:40 UTC</createdTime>
<generatorID>FCC72D1D-5584-9A04-D1BF-5B33F1670606</generatorID>
<ownerDesignName>sumativarespaldo</ownerDesignName>
<useDomainConstraints>false</useDomainConstraints>
<use>1</use>
<logicalDatatype>LOGDT024</logicalDatatype>
<dataTypeSize>50 CHAR</dataTypeSize>
<ownDataTypeParameters>50 CHAR,,</ownDataTypeParameters>
<autoIncrementCycle>false</autoIncrementCycle>
</Column>
<Column name="fecha_nac" id="89851F9E-2EB2-2C59-ECFF-C22B90EC23F6">
<createdBy>Katherine</createdBy>
<createdTime>2025-09-12 23:28:40 UTC</createdTime>
<generatorID>49CA3B7D-2BBF-DFEE-AAC7-BB4F56508572</generatorID>
<ownerDesignName>sumativarespaldo</ownerDesignName>
<useDomainConstraints>false</useDomainConstraints>
<use>1</use>
<logicalDatatype>LOGDT007</logicalDatatype>
<ownDataTypeParameters>,,</ownDataTypeParameters>
<autoIncrementCycle>false</autoIncrementCycle>
</Column>
<Column name="direccion" id="B9417BCE-052C-F86F-D56B-976573DF25E5">
<createdBy>Katherine</createdBy>
<createdTime>2025-09-12 23:28:40 UTC</createdTime>
<generatorID>5E0250AB-FC30-90EB-FBEF-327EBBBB841D</generatorID>
<ownerDesignName>sumativarespaldo</ownerDesignName>
<constraintName>CK_PACIENTE_DIRECCION</constraintName>
<useDomainConstraints>false</useDomainConstraints>
<use>1</use>
<logicalDatatype>LOGDT024</logicalDatatype>
<dataTypeSize>100 CHAR</dataTypeSize>
<checkConstraint>
<implementationDef dbType="Generic Constraint" definition="calle + numero"/>
</checkConstraint>
<ownDataTypeParameters>100 CHAR,,</ownDataTypeParameters>
<autoIncrementCycle>false</autoIncrementCycle>
</Column>
</columns>
<indexes itemClass="oracle.dbtools.crest.model.design.relational.Index">
<ind_PK_UK id="87213891-DA49-E145-065D-003988BE0488" name="PK_PACIENTE">
<createdBy>Katherine</createdBy>
<createdTime>2025-09-12 23:28:40 UTC</createdTime>
<generatorID>34877595-BC37-0B83-C9A6-DC964A9F46D9</generatorID>
<ownerDesignName>sumativarespaldo</ownerDesignName>
<pk>true</pk>
<indexState>Primary Constraint</indexState>
<isSurrogateKey>false</isSurrogateKey>
<indexColumnUsage>
<colUsage columnID="D51EC7A5-6C64-87E5-C910-7817D59AEE4C"/>
</indexColumnUsage>
</ind_PK_UK>
<ind_PK_UK id="097E5F44-073F-E503-BB88-4A29DA2437C9" name="PACIENTE_run_UN">
<createdBy>Katherine</createdBy>
<createdTime>2025-09-12 23:28:40 UTC</createdTime>
<generatorID>53AA8A84-7986-EF31-DD76-795E60552D68</generatorID>
<ownerDesignName>sumativarespaldo</ownerDesignName>
<indexState>Unique Constraint</indexState>
<isSurrogateKey>false</isSurrogateKey>
<indexColumnUsage>
<colUsage columnID="743B178D-9EB8-0DA9-0099-47A8E1C88B6B"/>
</indexColumnUsage>
</ind_PK_UK>
<ind_PK_UK id="B0E148DA-5EDC-F625-CAAF-B57AE9C45D52" name="PACIENTE_dv_UN">
<createdBy>Katherine</createdBy>
<createdTime>2025-09-12 23:28:40 UTC</createdTime>
<generatorID>069FF3B0-9153-4CF2-78D6-25367EC7829B</generatorID>
<ownerDesignName>sumativarespaldo</ownerDesignName>
<indexState>Unique Constraint</indexState>
<isSurrogateKey>false</isSurrogateKey>
<indexColumnUsage>
<colUsage columnID="1BE300DC-A331-1E38-2B4F-A01388C1D842"/>
</indexColumnUsage>
</ind_PK_UK>
<ind_PK_UK id="8FA9154B-0C21-3185-382E-90BBBFB0E22E" name="FK_PACIEN_COMUNA">
<createdBy>Katherine</createdBy>
<createdTime>2025-09-12 23:28:40 UTC</createdTime>
<generatorID>A1E9E600-45F1-6A50-05E2-C592ED0A50BD</generatorID>
<ownerDesignName>sumativarespaldo</ownerDesignName>
<indexState>Foreign Key</indexState>
<isSurrogateKey>false</isSurrogateKey>
<indexColumnUsage>
<colUsage columnID="0381E3DB-F3A3-3893-EDFD-8A3325FE0448"/>
</indexColumnUsage>
</ind_PK_UK>
<ind_PK_UK id="AFBD53A3-3B7B-B320-809D-B60A2A655DDA" name="FK_PACIEN_TIPO_US">
<createdBy>Katherine</createdBy>
<createdTime>2025-09-12 23:28:40 UTC</createdTime>
<generatorID>041B26AE-B563-A457-600A-18265A870371</generatorID>
<ownerDesignName>sumativarespaldo</ownerDesignName>
<indexState>Foreign Key</indexState>
<isSurrogateKey>false</isSurrogateKey>
<indexColumnUsage>
<colUsage columnID="9A7E4F81-BAD3-A40D-8C17-B6A53AA0B33B"/>
</indexColumnUsage>
</ind_PK_UK>
<ind_PK_UK id="A73310FB-278D-69D8-A49D-9A0985E34107" name="FK_PACIEN_SEXO">
<createdBy>Katherine</createdBy>
<createdTime>2025-09-12 23:28:40 UTC</createdTime>
<generatorID>8D1562F4-799E-AC3B-90EA-8484D2F764FD</generatorID>
<ownerDesignName>sumativarespaldo</ownerDesignName>
<indexState>Foreign Key</indexState>
<isSurrogateKey>false</isSurrogateKey>
<indexColumnUsage>
<colUsage columnID="87E85AB6-753B-F113-4827-49741D7A8A24"/>
</indexColumnUsage>
</ind_PK_UK>
</indexes>
</Table>
