<?xml version = '1.0' encoding = 'UTF-8'?>
<Table class="oracle.dbtools.crest.model.design.relational.Table" directorySegmentName="seg_0" id="DB5B7E58-E81F-3C45-FCB0-AFC18CBC94AD" name="COMUNA">
<createdBy>Katherine</createdBy>
<createdTime>2025-09-12 23:28:40 UTC</createdTime>
<generatorID>02E7C80A-33A6-5072-7177-BF729F12AA44</generatorID>
<ownerDesignName>sumativarespaldo</ownerDesignName>
<allowColumnReorder>false</allowColumnReorder>
<existDependencyGenerateInDDl>true</existDependencyGenerateInDDl>
<parsed>true</parsed>
<columns itemClass="oracle.dbtools.crest.model.design.relational.Column">
<Column name="id_comuna" id="2EB6A899-FCA1-B934-AB6A-8CC56CF7E60A">
<createdBy>Katherine</createdBy>
<createdTime>2025-09-12 23:28:40 UTC</createdTime>
<generatorID>AF1D5552-6EC9-873C-60F9-DAF553218558</generatorID>
<ownerDesignName>sumativarespaldo</ownerDesignName>
<useDomainConstraints>false</useDomainConstraints>
<use>1</use>
<logicalDatatype>LOGDT011</logicalDatatype>
<ownDataTypeParameters>,,</ownDataTypeParameters>
<autoIncrementCycle>false</autoIncrementCycle>
</Column>
<Column name="nombre" id="0AECD50C-C56E-16D4-6E37-0041350BD493">
<createdBy>Katherine</createdBy>
<createdTime>2025-09-12 23:28:40 UTC</createdTime>
<generatorID>8EC36BBB-65B5-086F-6C5C-8BFC03907D3B</generatorID>
<ownerDesignName>sumativarespaldo</ownerDesignName>
<useDomainConstraints>false</useDomainConstraints>
<use>1</use>
<logicalDatatype>LOGDT024</logicalDatatype>
<dataTypeSize>30 CHAR</dataTypeSize>
<ownDataTypeParameters>30 CHAR,,</ownDataTypeParameters>
<autoIncrementCycle>false</autoIncrementCycle>
</Column>
<Column name="REGION_id_region" id="54A23B05-60CC-26CD-A04A-054229B19C88">
<createdBy>Katherine</createdBy>
<createdTime>2025-09-12 23:28:40 UTC</createdTime>
<generatorID>56C33591-A6CA-886D-6F1C-900E4D56C423</generatorID>
<ownerDesignName>sumativarespaldo</ownerDesignName>
<useDomainConstraints>false</useDomainConstraints>
<use>1</use>
<logicalDatatype>LOGDT011</logicalDatatype>
<ownDataTypeParameters>,,</ownDataTypeParameters>
<previousColumn>false</previousColumn>
<autoIncrementCycle>false</autoIncrementCycle>
<associations>
<colAssociation fkAssociation="CACA90BC-6CB9-CC12-2E02-AB5F6C7F526A" referredColumn="6B2BB87D-DF21-1505-CC7F-A8146740980E"/>
</associations>
</Column>
</columns>
<indexes itemClass="oracle.dbtools.crest.model.design.relational.Index">
<ind_PK_UK id="4AE99EEC-1B29-C0BB-DD66-C50B9AE85808" name="PK_COMUNA">
<createdBy>Katherine</createdBy>
<createdTime>2025-09-12 23:28:40 UTC</createdTime>
<generatorID>5D66985A-BF5C-0794-B0F2-6040BF103F80</generatorID>
<ownerDesignName>sumativarespaldo</ownerDesignName>
<pk>true</pk>
<indexState>Primary Constraint</indexState>
<isSurrogateKey>false</isSurrogateKey>
<indexColumnUsage>
<colUsage columnID="2EB6A899-FCA1-B934-AB6A-8CC56CF7E60A"/>
</indexColumnUsage>
</ind_PK_UK>
<ind_PK_UK id="F3BC7B0B-4C50-658E-28F2-BE4C58AC885F" name="COMUNA_nombre_UN">
<createdBy>Katherine</createdBy>
<createdTime>2025-09-12 23:28:40 UTC</createdTime>
<generatorID>DB89F1F7-0EBC-1D2D-770F-A1622E55698F</generatorID>
<ownerDesignName>sumativarespaldo</ownerDesignName>
<indexState>Unique Constraint</indexState>
<isSurrogateKey>false</isSurrogateKey>
<indexColumnUsage>
<colUsage columnID="0AECD50C-C56E-16D4-6E37-0041350BD493"/>
</indexColumnUsage>
</ind_PK_UK>
<ind_PK_UK id="06C3B906-F404-58FD-A51F-6A544A631717" name="FK_COMUNA_REGION">
<createdBy>Katherine</createdBy>
<createdTime>2025-09-12 23:28:40 UTC</createdTime>
<generatorID>A92B261E-32EA-D99F-F5D9-31516E3A8EB5</generatorID>
<ownerDesignName>sumativarespaldo</ownerDesignName>
<indexState>Foreign Key</indexState>
<isSurrogateKey>false</isSurrogateKey>
<indexColumnUsage>
<colUsage columnID="54A23B05-60CC-26CD-A04A-054229B19C88"/>
</indexColumnUsage>
</ind_PK_UK>
</indexes>
</Table>
