<?xml version = '1.0' encoding = 'UTF-8'?>
<Table class="oracle.dbtools.crest.model.design.relational.Table" directorySegmentName="seg_0" id="E8785718-3E85-B78C-DDE2-1AA8B7715EE3" name="ESPECIALIDAD">
<createdBy>Katherine</createdBy>
<createdTime>2025-09-12 23:28:40 UTC</createdTime>
<generatorID>1BDF81A6-7DB2-A05D-CA8F-526C6ECF905F</generatorID>
<ownerDesignName>sumativarespaldo</ownerDesignName>
<allowColumnReorder>false</allowColumnReorder>
<existDependencyGenerateInDDl>true</existDependencyGenerateInDDl>
<parsed>true</parsed>
<columns itemClass="oracle.dbtools.crest.model.design.relational.Column">
<Column name="id_esp" id="C8259269-A6B5-A811-3C77-E956606ADA5E">
<createdBy>Katherine</createdBy>
<createdTime>2025-09-12 23:28:40 UTC</createdTime>
<generatorID>C8AF98E3-278A-B829-1355-B3ADD60484D8</generatorID>
<ownerDesignName>sumativarespaldo</ownerDesignName>
<useDomainConstraints>false</useDomainConstraints>
<use>1</use>
<logicalDatatype>LOGDT011</logicalDatatype>
<ownDataTypeParameters>,,</ownDataTypeParameters>
<autoIncrementCycle>false</autoIncrementCycle>
</Column>
<Column name="nombre" id="088E59BD-F660-4B5B-D9E3-B50D7BC24F64">
<createdBy>Katherine</createdBy>
<createdTime>2025-09-12 23:28:40 UTC</createdTime>
<generatorID>F19E891A-C8DF-AD37-D180-6DE2FAA8AD8D</generatorID>
<ownerDesignName>sumativarespaldo</ownerDesignName>
<useDomainConstraints>false</useDomainConstraints>
<use>1</use>
<logicalDatatype>LOGDT024</logicalDatatype>
<dataTypeSize>30 CHAR</dataTypeSize>
<ownDataTypeParameters>30 CHAR,,</ownDataTypeParameters>
<autoIncrementCycle>false</autoIncrementCycle>
</Column>
</columns>
<indexes itemClass="oracle.dbtools.crest.model.design.relational.Index">
<ind_PK_UK id="89B44574-9A7D-49FC-0B48-64BB7054E3A8" name="PK_ESPECIALIDAD">
<createdBy>Katherine</createdBy>
<createdTime>2025-09-12 23:28:40 UTC</createdTime>
<generatorID>2798BD2A-01BC-8775-F6ED-B292E573CB1D</generatorID>
<ownerDesignName>sumativarespaldo</ownerDesignName>
<pk>true</pk>
<indexState>Primary Constraint</indexState>
<isSurrogateKey>false</isSurrogateKey>
<indexColumnUsage>
<colUsage columnID="C8259269-A6B5-A811-3C77-E956606ADA5E"/>
</indexColumnUsage>
</ind_PK_UK>
<ind_PK_UK id="6B55B80C-9A3F-641B-E261-B358C366A17D" name="ESPECIALIDAD_nombre_UN">
<createdBy>Katherine</createdBy>
<createdTime>2025-09-12 23:28:40 UTC</createdTime>
<generatorID>BD49189B-08E5-3FB1-E106-EEA530B8E63B</generatorID>
<ownerDesignName>sumativarespaldo</ownerDesignName>
<indexState>Unique Constraint</indexState>
<isSurrogateKey>false</isSurrogateKey>
<indexColumnUsage>
<colUsage columnID="088E59BD-F660-4B5B-D9E3-B50D7BC24F64"/>
</indexColumnUsage>
</ind_PK_UK>
</indexes>
</Table>
