<?xml version = '1.0' encoding = 'UTF-8'?>
<Relation class="oracle.dbtools.crest.model.design.logical.Relation" name="Relation_20" directorySegmentName="seg_0" id="00E0ED2A-9E5D-41E2-9D7C-4E0B3CAF6247">
<createdBy>Katherine</createdBy>
<createdTime>2025-09-12 21:44:21 UTC</createdTime>
<ownerDesignName>sumativarespaldo</ownerDesignName>
<engineerTo>
<item key="4B223BA7-A94A-F2DB-3953-A3884BF14293" value="true"/>
</engineerTo>
<sourcePk>AA530F6D-8E58-F5C0-75C8-104CB1521051</sourcePk>
<targetPk>655CDB06-E307-0BF1-7E66-1E53CB793A68</targetPk>
<identifying>false</identifying>
<optionalSource>false</optionalSource>
<optionalTarget>false</optionalTarget>
<sourceCardinality>*</sourceCardinality>
<sourceEntity>8E585DCB-E31D-BF73-0B76-45CDF0E4D922</sourceEntity>
<targetCardinalityString>1</targetCardinalityString>
<targetEntity>01885755-B0B8-23CA-CFBE-66C4DB38FED8</targetEntity>
<transferable>true</transferable>
<deleteRule>NO ACTION</deleteRule>
</Relation>
