<?xml version = '1.0' encoding = 'UTF-8'?>
<Relation class="oracle.dbtools.crest.model.design.logical.Relation" name="Relation_14" directorySegmentName="seg_0" id="041B26AE-B563-A457-600A-18265A870371">
<createdBy>Katherine</createdBy>
<createdTime>2025-09-12 21:04:12 UTC</createdTime>
<ownerDesignName>sumativarespaldo</ownerDesignName>
<engineerTo>
<item key="4B223BA7-A94A-F2DB-3953-A3884BF14293" value="true"/>
</engineerTo>
<sourcePk>0F729DD3-3339-1C82-0FE0-81021F06FCF2</sourcePk>
<identifying>false</identifying>
<optionalSource>true</optionalSource>
<optionalTarget>false</optionalTarget>
<sourceCardinality>1</sourceCardinality>
<sourceEntity>DB14A4FA-BB60-0AD2-936C-86D7E98B3D67</sourceEntity>
<targetCardinalityString>*</targetCardinalityString>
<targetEntity>D59DFFAF-C30E-6E9D-2F99-6F3ED95434AF</targetEntity>
<transferable>true</transferable>
<deleteRule>NO ACTION</deleteRule>
</Relation>
