<?xml version = '1.0' encoding = 'UTF-8'?>
<Relation class="oracle.dbtools.crest.model.design.logical.Relation" name="Relation_23" directorySegmentName="seg_0" id="0806B8AC-D682-5734-38EB-95F83357348A">
<createdBy>Katherine</createdBy>
<createdTime>2025-09-12 21:56:27 UTC</createdTime>
<ownerDesignName>sumativarespaldo</ownerDesignName>
<engineerTo>
<item key="4B223BA7-A94A-F2DB-3953-A3884BF14293" value="true"/>
</engineerTo>
<sourcePk>0535BB47-24F0-818A-1489-C2B28B50BC61</sourcePk>
<identifying>false</identifying>
<optionalSource>true</optionalSource>
<optionalTarget>false</optionalTarget>
<sourceCardinality>1</sourceCardinality>
<sourceEntity>4D368375-04B8-117F-A63F-8C28A8584A2B</sourceEntity>
<targetCardinalityString>*</targetCardinalityString>
<targetEntity>8E585DCB-E31D-BF73-0B76-45CDF0E4D922</targetEntity>
<transferable>true</transferable>
<deleteRule>NO ACTION</deleteRule>
</Relation>
