<?xml version = '1.0' encoding = 'UTF-8'?>
<Relation class="oracle.dbtools.crest.model.design.logical.Relation" name="Relation_16" directorySegmentName="seg_0" id="2259A0D5-12BE-D61C-BB00-065988722C0B">
<createdBy>Katherine</createdBy>
<createdTime>2025-09-12 21:14:31 UTC</createdTime>
<ownerDesignName>sumativarespaldo</ownerDesignName>
<engineerTo>
<item key="4B223BA7-A94A-F2DB-3953-A3884BF14293" value="true"/>
</engineerTo>
<sourcePk>95FD93E2-79BD-9514-40BA-3A717350426A</sourcePk>
<identifying>false</identifying>
<optionalSource>true</optionalSource>
<optionalTarget>false</optionalTarget>
<sourceCardinality>1</sourceCardinality>
<sourceEntity>BB1F2A17-1D01-04EF-A8F2-6ECBF423EB14</sourceEntity>
<targetCardinalityString>*</targetCardinalityString>
<targetEntity>8E585DCB-E31D-BF73-0B76-45CDF0E4D922</targetEntity>
<transferable>true</transferable>
<deleteRule>NO ACTION</deleteRule>
</Relation>
