<?xml version = '1.0' encoding = 'UTF-8'?>
<Relation class="oracle.dbtools.crest.model.design.logical.Relation" name="Relation_1" directorySegmentName="seg_0" id="266334A6-4CC2-616D-3F48-171FA50C4C87">
<createdBy>Katherine</createdBy>
<createdTime>2025-09-12 15:05:57 UTC</createdTime>
<ownerDesignName>sumativarespaldo</ownerDesignName>
<engineerTo>
<item key="4B223BA7-A94A-F2DB-3953-A3884BF14293" value="true"/>
</engineerTo>
<sourcePk>34877595-BC37-0B83-C9A6-DC964A9F46D9</sourcePk>
<identifying>false</identifying>
<nameOnSource>agenda</nameOnSource>
<nameOnTarget>registra</nameOnTarget>
<optionalSource>true</optionalSource>
<optionalTarget>false</optionalTarget>
<sourceCardinality>1</sourceCardinality>
<sourceEntity>D59DFFAF-C30E-6E9D-2F99-6F3ED95434AF</sourceEntity>
<targetCardinalityString>*</targetCardinalityString>
<targetEntity>8E585DCB-E31D-BF73-0B76-45CDF0E4D922</targetEntity>
<transferable>true</transferable>
<deleteRule>NO ACTION</deleteRule>
</Relation>
