<?xml version = '1.0' encoding = 'UTF-8'?>
<Relation class="oracle.dbtools.crest.model.design.logical.Relation" name="Relation_6" directorySegmentName="seg_0" id="4F9E74E7-9FB0-4159-F884-24D2778D00CA">
<createdBy>Katherine</createdBy>
<createdTime>2025-09-12 20:27:17 UTC</createdTime>
<ownerDesignName>sumativarespaldo</ownerDesignName>
<engineerTo>
<item key="4B223BA7-A94A-F2DB-3953-A3884BF14293" value="true"/>
</engineerTo>
<sourcePk>2DB8783E-D57B-9445-CB30-2026519C357B</sourcePk>
<targetPk>95FD93E2-79BD-9514-40BA-3A717350426A</targetPk>
<identifying>false</identifying>
<optionalSource>true</optionalSource>
<optionalTarget>false</optionalTarget>
<sourceCardinality>*</sourceCardinality>
<sourceEntity>6AD1AAE0-15EF-1DF0-CB4C-E38F2816F9CD</sourceEntity>
<targetCardinalityString>1</targetCardinalityString>
<targetEntity>BB1F2A17-1D01-04EF-A8F2-6ECBF423EB14</targetEntity>
<transferable>true</transferable>
<deleteRule>NO ACTION</deleteRule>
</Relation>
