<?xml version = '1.0' encoding = 'UTF-8'?>
<Relation class="oracle.dbtools.crest.model.design.logical.Relation" name="Relation_22" directorySegmentName="seg_0" id="616578BA-5E36-5D8A-D197-2460B58CB606">
<createdBy>Katherine</createdBy>
<createdTime>2025-09-12 21:52:23 UTC</createdTime>
<ownerDesignName>sumativarespaldo</ownerDesignName>
<engineerTo>
<item key="4B223BA7-A94A-F2DB-3953-A3884BF14293" value="true"/>
</engineerTo>
<sourcePk>655CDB06-E307-0BF1-7E66-1E53CB793A68</sourcePk>
<identifying>false</identifying>
<optionalSource>true</optionalSource>
<optionalTarget>false</optionalTarget>
<sourceCardinality>1</sourceCardinality>
<sourceEntity>01885755-B0B8-23CA-CFBE-66C4DB38FED8</sourceEntity>
<targetCardinalityString>*</targetCardinalityString>
<targetEntity>962F16CB-7F2F-4C9E-EFB0-926DF5A24949</targetEntity>
<transferable>true</transferable>
<deleteRule>NO ACTION</deleteRule>
</Relation>
