<?xml version = '1.0' encoding = 'UTF-8'?>
<Relation class="oracle.dbtools.crest.model.design.logical.Relation" name="Relation_19" directorySegmentName="seg_0" id="62B22CC2-E826-95EB-5B36-40A93D298829">
<createdBy>Katherine</createdBy>
<createdTime>2025-09-12 21:37:10 UTC</createdTime>
<ownerDesignName>sumativarespaldo</ownerDesignName>
<engineerTo>
<item key="4B223BA7-A94A-F2DB-3953-A3884BF14293" value="true"/>
</engineerTo>
<sourcePk>180241BE-BFED-C31C-4F4D-365DE6287ADF</sourcePk>
<identifying>false</identifying>
<optionalSource>true</optionalSource>
<optionalTarget>false</optionalTarget>
<sourceCardinality>1</sourceCardinality>
<sourceEntity>962F16CB-7F2F-4C9E-EFB0-926DF5A24949</sourceEntity>
<targetCardinalityString>*</targetCardinalityString>
<targetEntity>53C90899-2971-B5A9-1716-149B6943ECB1</targetEntity>
<transferable>true</transferable>
<deleteRule>NO ACTION</deleteRule>
</Relation>
