<?xml version = '1.0' encoding = 'UTF-8'?>
<Relation class="oracle.dbtools.crest.model.design.logical.Relation" name="Relation_21" directorySegmentName="seg_0" id="7B10B713-E438-AC0C-90E7-D6EABC1A47CD">
<createdBy>Katherine</createdBy>
<createdTime>2025-09-12 21:52:02 UTC</createdTime>
<ownerDesignName>sumativarespaldo</ownerDesignName>
<engineerTo>
<item key="4B223BA7-A94A-F2DB-3953-A3884BF14293" value="true"/>
</engineerTo>
<sourcePk>655CDB06-E307-0BF1-7E66-1E53CB793A68</sourcePk>
<targetPk>2DB8783E-D57B-9445-CB30-2026519C357B</targetPk>
<identifying>false</identifying>
<optionalSource>true</optionalSource>
<optionalTarget>false</optionalTarget>
<sourceCardinality>1</sourceCardinality>
<sourceEntity>01885755-B0B8-23CA-CFBE-66C4DB38FED8</sourceEntity>
<targetCardinalityString>*</targetCardinalityString>
<targetEntity>6AD1AAE0-15EF-1DF0-CB4C-E38F2816F9CD</targetEntity>
<transferable>true</transferable>
<deleteRule>NO ACTION</deleteRule>
</Relation>
