<?xml version = '1.0' encoding = 'UTF-8'?>
<Relation class="oracle.dbtools.crest.model.design.logical.Relation" name="SUPERVISA" directorySegmentName="seg_0" id="82D17975-27B3-B574-8B64-B49FAF7E5A98">
<createdBy>Katherine</createdBy>
<createdTime>2025-09-13 01:30:32 UTC</createdTime>
<ownerDesignName>sumativarespaldo</ownerDesignName>
<engineerTo>
<item key="4B223BA7-A94A-F2DB-3953-A3884BF14293" value="true"/>
</engineerTo>
<targetPk>95FD93E2-79BD-9514-40BA-3A717350426A</targetPk>
<identifying>false</identifying>
<optionalSource>true</optionalSource>
<optionalTarget>false</optionalTarget>
<sourceCardinality>1</sourceCardinality>
<sourceEntity>BB1F2A17-1D01-04EF-A8F2-6ECBF423EB14</sourceEntity>
<targetCardinalityString>*</targetCardinalityString>
<targetEntity>BB1F2A17-1D01-04EF-A8F2-6ECBF423EB14</targetEntity>
<transferable>true</transferable>
<deleteRule>NO ACTION</deleteRule>
</Relation>
