<?xml version = '1.0' encoding = 'UTF-8'?>
<Relation class="oracle.dbtools.crest.model.design.logical.Relation" name="Relation_15" directorySegmentName="seg_0" id="8D1562F4-799E-AC3B-90EA-8484D2F764FD">
<createdBy>Katherine</createdBy>
<createdTime>2025-09-12 21:04:47 UTC</createdTime>
<ownerDesignName>sumativarespaldo</ownerDesignName>
<engineerTo>
<item key="4B223BA7-A94A-F2DB-3953-A3884BF14293" value="true"/>
</engineerTo>
<sourcePk>852A5C03-32F9-1C15-EE23-38A16FA58EB2</sourcePk>
<identifying>false</identifying>
<optionalSource>true</optionalSource>
<optionalTarget>false</optionalTarget>
<sourceCardinality>1</sourceCardinality>
<sourceEntity>EE4F514C-73C6-B288-3A67-7599153AA1CC</sourceEntity>
<targetCardinalityString>*</targetCardinalityString>
<targetEntity>D59DFFAF-C30E-6E9D-2F99-6F3ED95434AF</targetEntity>
<transferable>true</transferable>
<deleteRule>NO ACTION</deleteRule>
</Relation>
