<?xml version = '1.0' encoding = 'UTF-8'?>
<Relation class="oracle.dbtools.crest.model.design.logical.Relation" name="Relation_24" directorySegmentName="seg_0" id="8E93DFE9-C40D-1498-2AB4-0922F402FDC5">
<createdBy>Katherine</createdBy>
<createdTime>2025-09-12 23:11:20 UTC</createdTime>
<ownerDesignName>sumativarespaldo</ownerDesignName>
<engineerTo>
<item key="4B223BA7-A94A-F2DB-3953-A3884BF14293" value="true"/>
</engineerTo>
<sourcePk>95FD93E2-79BD-9514-40BA-3A717350426A</sourcePk>
<identifying>false</identifying>
<optionalSource>false</optionalSource>
<optionalTarget>false</optionalTarget>
<sourceCardinality>1</sourceCardinality>
<sourceEntity>BB1F2A17-1D01-04EF-A8F2-6ECBF423EB14</sourceEntity>
<targetCardinalityString>*</targetCardinalityString>
<targetEntity>01885755-B0B8-23CA-CFBE-66C4DB38FED8</targetEntity>
<transferable>true</transferable>
<deleteRule>NO ACTION</deleteRule>
</Relation>
