<?xml version = '1.0' encoding = 'UTF-8'?>
<Relation class="oracle.dbtools.crest.model.design.logical.Relation" name="Relation_8" directorySegmentName="seg_0" id="9DEA10B1-CA34-A01D-A36E-BD6B08581D89">
<createdBy>Katherine</createdBy>
<createdTime>2025-09-12 20:45:26 UTC</createdTime>
<ownerDesignName>sumativarespaldo</ownerDesignName>
<engineerTo>
<item key="4B223BA7-A94A-F2DB-3953-A3884BF14293" value="true"/>
</engineerTo>
<sourcePk>FEC00CFC-9064-2A3C-ABFB-B4AF36212158</sourcePk>
<identifying>false</identifying>
<optionalSource>true</optionalSource>
<optionalTarget>false</optionalTarget>
<sourceCardinality>1</sourceCardinality>
<sourceEntity>EB70B7A0-873B-7128-E669-BE20A722434A</sourceEntity>
<targetCardinalityString>*</targetCardinalityString>
<targetEntity>BB1F2A17-1D01-04EF-A8F2-6ECBF423EB14</targetEntity>
<transferable>true</transferable>
<deleteRule>NO ACTION</deleteRule>
</Relation>
