<?xml version = '1.0' encoding = 'UTF-8'?>
<Relation class="oracle.dbtools.crest.model.design.logical.Relation" name="Relation_10" directorySegmentName="seg_0" id="A1E9E600-45F1-6A50-05E2-C592ED0A50BD">
<createdBy>Katherine</createdBy>
<createdTime>2025-09-12 20:55:06 UTC</createdTime>
<ownerDesignName>sumativarespaldo</ownerDesignName>
<engineerTo>
<item key="4B223BA7-A94A-F2DB-3953-A3884BF14293" value="true"/>
</engineerTo>
<sourcePk>5D66985A-BF5C-0794-B0F2-6040BF103F80</sourcePk>
<identifying>false</identifying>
<optionalSource>true</optionalSource>
<optionalTarget>false</optionalTarget>
<sourceCardinality>1</sourceCardinality>
<sourceEntity>02E7C80A-33A6-5072-7177-BF729F12AA44</sourceEntity>
<targetCardinalityString>*</targetCardinalityString>
<targetEntity>D59DFFAF-C30E-6E9D-2F99-6F3ED95434AF</targetEntity>
<transferable>true</transferable>
<deleteRule>NO ACTION</deleteRule>
</Relation>
