<?xml version = '1.0' encoding = 'UTF-8'?>
<Relation class="oracle.dbtools.crest.model.design.logical.Relation" name="Relation_4" directorySegmentName="seg_0" id="A3593679-AE63-C686-C863-2BE8BD8C55F4">
<createdBy>Katherine</createdBy>
<createdTime>2025-09-12 15:14:19 UTC</createdTime>
<ownerDesignName>sumativarespaldo</ownerDesignName>
<engineerTo>
<item key="4B223BA7-A94A-F2DB-3953-A3884BF14293" value="true"/>
</engineerTo>
<sourcePk>95FD93E2-79BD-9514-40BA-3A717350426A</sourcePk>
<targetPk>2798BD2A-01BC-8775-F6ED-B292E573CB1D</targetPk>
<identifying>false</identifying>
<nameOnSource>tiene</nameOnSource>
<nameOnTarget>tiene</nameOnTarget>
<optionalSource>false</optionalSource>
<optionalTarget>true</optionalTarget>
<sourceCardinality>*</sourceCardinality>
<sourceEntity>BB1F2A17-1D01-04EF-A8F2-6ECBF423EB14</sourceEntity>
<targetCardinalityString>1</targetCardinalityString>
<targetEntity>1BDF81A6-7DB2-A05D-CA8F-526C6ECF905F</targetEntity>
<transferable>true</transferable>
<deleteRule>NO ACTION</deleteRule>
</Relation>
