<?xml version = '1.0' encoding = 'UTF-8'?>
<Relation class="oracle.dbtools.crest.model.design.logical.Relation" name="Relation_11" directorySegmentName="seg_0" id="A92B261E-32EA-D99F-F5D9-31516E3A8EB5">
<createdBy>Katherine</createdBy>
<createdTime>2025-09-12 20:55:39 UTC</createdTime>
<ownerDesignName>sumativarespaldo</ownerDesignName>
<engineerTo>
<item key="4B223BA7-A94A-F2DB-3953-A3884BF14293" value="true"/>
</engineerTo>
<sourcePk>D9C223E6-5D65-0DBC-BCC6-4201428473A6</sourcePk>
<identifying>false</identifying>
<optionalSource>true</optionalSource>
<optionalTarget>false</optionalTarget>
<sourceCardinality>1</sourceCardinality>
<sourceEntity>0952F480-6DDE-DB03-815E-86B0274B3D0F</sourceEntity>
<targetCardinalityString>*</targetCardinalityString>
<targetEntity>02E7C80A-33A6-5072-7177-BF729F12AA44</targetEntity>
<transferable>true</transferable>
<deleteRule>NO ACTION</deleteRule>
</Relation>
