<?xml version = '1.0' encoding = 'UTF-8'?>
<Relation class="oracle.dbtools.crest.model.design.logical.Relation" name="Relation_17" directorySegmentName="seg_0" id="DA2CD7CD-5E22-CFAD-EC02-A61E7842C7F1">
<createdBy>Katherine</createdBy>
<createdTime>2025-09-12 21:22:30 UTC</createdTime>
<ownerDesignName>sumativarespaldo</ownerDesignName>
<engineerTo>
<item key="4B223BA7-A94A-F2DB-3953-A3884BF14293" value="true"/>
</engineerTo>
<sourcePk>A8BF954F-EDCD-74C9-BC99-5E583FBC1994</sourcePk>
<identifying>false</identifying>
<optionalSource>true</optionalSource>
<optionalTarget>false</optionalTarget>
<sourceCardinality>1</sourceCardinality>
<sourceEntity>B2E40229-E65F-ADC4-187F-175C23C7592E</sourceEntity>
<targetCardinalityString>*</targetCardinalityString>
<targetEntity>8E585DCB-E31D-BF73-0B76-45CDF0E4D922</targetEntity>
<transferable>true</transferable>
<deleteRule>NO ACTION</deleteRule>
</Relation>
