<?xml version = '1.0' encoding = 'UTF-8'?>
<Relation class="oracle.dbtools.crest.model.design.logical.Relation" name="Relation_18" directorySegmentName="seg_0" id="DB2053F5-1892-E8AC-AEB0-8F6C80685AF7">
<createdBy>Katherine</createdBy>
<createdTime>2025-09-12 21:23:21 UTC</createdTime>
<ownerDesignName>sumativarespaldo</ownerDesignName>
<engineerTo>
<item key="4B223BA7-A94A-F2DB-3953-A3884BF14293" value="true"/>
</engineerTo>
<sourcePk>AA530F6D-8E58-F5C0-75C8-104CB1521051</sourcePk>
<identifying>false</identifying>
<optionalSource>true</optionalSource>
<optionalTarget>false</optionalTarget>
<sourceCardinality>1</sourceCardinality>
<sourceEntity>8E585DCB-E31D-BF73-0B76-45CDF0E4D922</sourceEntity>
<targetCardinalityString>*</targetCardinalityString>
<targetEntity>16832D5D-131C-D015-DD3A-116BDE71B9EC</targetEntity>
<transferable>true</transferable>
<deleteRule>NO ACTION</deleteRule>
</Relation>
