<?xml version = '1.0' encoding = 'UTF-8'?>
<Relation class="oracle.dbtools.crest.model.design.logical.Relation" name="Relation_7" directorySegmentName="seg_0" id="F870F280-F149-B454-B2E0-56AFD7780AA7">
<createdBy>Katherine</createdBy>
<createdTime>2025-09-12 20:44:03 UTC</createdTime>
<ownerDesignName>sumativarespaldo</ownerDesignName>
<engineerTo>
<item key="4B223BA7-A94A-F2DB-3953-A3884BF14293" value="true"/>
</engineerTo>
<sourcePk>F932F11F-F40C-6C42-A814-B4F095F57C85</sourcePk>
<identifying>false</identifying>
<optionalSource>true</optionalSource>
<optionalTarget>false</optionalTarget>
<sourceCardinality>1</sourceCardinality>
<sourceEntity>56C6DF0C-86ED-7447-B8FB-7507C6DBECAA</sourceEntity>
<targetCardinalityString>*</targetCardinalityString>
<targetEntity>BB1F2A17-1D01-04EF-A8F2-6ECBF423EB14</targetEntity>
<transferable>true</transferable>
<deleteRule>NO ACTION</deleteRule>
</Relation>
