<?xml version = '1.0' encoding = 'UTF-8'?>
<Relation class="oracle.dbtools.crest.model.design.logical.InheritanceRelation" name="Hierarchy_15" directorySegmentName="seg_0" id="0B406350-AEC3-9571-C283-D4ACC27B1F4B">
<createdBy>Katherine</createdBy>
<createdTime>2025-09-02 00:07:12 UTC</createdTime>
<ownerDesignName>Exp1_S3_katherine_ibañez</ownerDesignName>
<engineerTo>
<item key="9AEDA505-275E-9204-BBBD-5C296155D838" value="true"/>
</engineerTo>
<arc>1057571B-414F-22D3-7698-426D3F4D0217</arc>
<identifying>false</identifying>
<nameOnSource>Super Type</nameOnSource>
<nameOnTarget>Sub Type</nameOnTarget>
<optionalSource>true</optionalSource>
<optionalTarget>true</optionalTarget>
<sourceEntity>A8085F90-4057-BA5E-0DCB-4C3F834F4E85</sourceEntity>
<targetEntity>EF7A783D-14A6-7F11-A81E-51BB2AE11E07</targetEntity>
<transferable>true</transferable>
<deleteRule>NO ACTION</deleteRule>
</Relation>