<?xml version = '1.0' encoding = 'UTF-8'?>
<Relation class="oracle.dbtools.crest.model.design.logical.InheritanceRelation" name="Hierarchy_13" directorySegmentName="seg_0" id="A740DDF5-D74E-F1D8-1446-68FBDF03F1E7">
<createdBy>Katherine</createdBy>
<createdTime>2025-09-02 00:01:31 UTC</createdTime>
<ownerDesignName>Exp1_S3_katherine_ibañez</ownerDesignName>
<engineerTo>
<item key="9AEDA505-275E-9204-BBBD-5C296155D838" value="true"/>
</engineerTo>
<arc>07C61E26-7114-84A0-9418-D61B268FABB9</arc>
<identifying>false</identifying>
<nameOnSource>Super Type</nameOnSource>
<nameOnTarget>Sub Type</nameOnTarget>
<optionalSource>true</optionalSource>
<optionalTarget>true</optionalTarget>
<sourceEntity>9C32B4C3-9152-724E-4A87-09A248CF73ED</sourceEntity>
<targetEntity>50423770-594B-A54F-3F19-2B3C72F15332</targetEntity>
<transferable>true</transferable>
<deleteRule>NO ACTION</deleteRule>
</Relation>