<?xml version = '1.0' encoding = 'UTF-8'?>
<Relation class="oracle.dbtools.crest.model.design.logical.InheritanceRelation" name="Hierarchy_9" directorySegmentName="seg_0" id="BCB3AB60-7562-85E0-00F0-FE425439E84A">
<createdBy>Katherine</createdBy>
<createdTime>2025-09-01 23:42:18 UTC</createdTime>
<ownerDesignName>Exp1_S3_katherine_ibañez</ownerDesignName>
<engineerTo>
<item key="9AEDA505-275E-9204-BBBD-5C296155D838" value="true"/>
</engineerTo>
<arc>E63FD58F-7A40-11F3-6197-0DE6D0D2E6AD</arc>
<identifying>false</identifying>
<nameOnSource>Super Type</nameOnSource>
<nameOnTarget>Sub Type</nameOnTarget>
<optionalSource>true</optionalSource>
<optionalTarget>true</optionalTarget>
<sourceEntity>F9D6E823-BD44-14A3-B1F6-A13A69B3DCB1</sourceEntity>
<targetEntity>A8085F90-4057-BA5E-0DCB-4C3F834F4E85</targetEntity>
<transferable>true</transferable>
<deleteRule>NO ACTION</deleteRule>
</Relation>