<?xml version = '1.0' encoding = 'UTF-8'?>
<Relation class="oracle.dbtools.crest.model.design.logical.InheritanceRelation" name="Hierarchy_10" directorySegmentName="seg_0" id="C057EC5C-8CFC-D833-2BE8-185024B05B08">
<createdBy>Katherine</createdBy>
<createdTime>2025-09-01 23:42:33 UTC</createdTime>
<ownerDesignName>Exp1_S3_katherine_ibañez</ownerDesignName>
<engineerTo>
<item key="9AEDA505-275E-9204-BBBD-5C296155D838" value="true"/>
</engineerTo>
<arc>E63FD58F-7A40-11F3-6197-0DE6D0D2E6AD</arc>
<identifying>false</identifying>
<nameOnSource>Super Type</nameOnSource>
<nameOnTarget>Sub Type</nameOnTarget>
<optionalSource>true</optionalSource>
<optionalTarget>true</optionalTarget>
<sourceEntity>F9D6E823-BD44-14A3-B1F6-A13A69B3DCB1</sourceEntity>
<targetEntity>9C32B4C3-9152-724E-4A87-09A248CF73ED</targetEntity>
<transferable>true</transferable>
<deleteRule>NO ACTION</deleteRule>
</Relation>