<?xml version = '1.0' encoding = 'UTF-8'?>
<Relation class="oracle.dbtools.crest.model.design.logical.InheritanceRelation" name="Hierarchy_12" directorySegmentName="seg_0" id="C2E03807-B0B8-22BD-144E-ED18B811ED76">
<createdBy>Katherine</createdBy>
<createdTime>2025-09-02 00:01:04 UTC</createdTime>
<ownerDesignName>Exp1_S3_katherine_ibañez</ownerDesignName>
<engineerTo>
<item key="9AEDA505-275E-9204-BBBD-5C296155D838" value="true"/>
</engineerTo>
<arc>07C61E26-7114-84A0-9418-D61B268FABB9</arc>
<identifying>false</identifying>
<nameOnSource>Super Type</nameOnSource>
<nameOnTarget>Sub Type</nameOnTarget>
<optionalSource>true</optionalSource>
<optionalTarget>true</optionalTarget>
<sourceEntity>9C32B4C3-9152-724E-4A87-09A248CF73ED</sourceEntity>
<targetEntity>6745D5BA-DA8C-BD2A-DB91-E07C42DEDC8A</targetEntity>
<transferable>true</transferable>
<deleteRule>NO ACTION</deleteRule>
</Relation>