<?xml version = '1.0' encoding = 'UTF-8'?>
<Diagram class="oracle.dbtools.crest.swingui.logical.DPVLogical" name="Logical" id="73C8AEAF-01B6-3182-641A-07346BC2E2AB">
<createdBy>Katherine</createdBy>
<modifiedBy>Katherine</modifiedBy>
<createdTime>2025-09-12 14:55:17 UTC</createdTime>
<autoRoute>false</autoRoute>
<boxInbox>false</boxInbox>
<showLegend>false</showLegend>
<showLabels>false</showLabels>
<showRelAttributes>false</showRelAttributes>
<gridEnabled>false</gridEnabled>
<showGrid>false</showGrid>
<diagramColor>-1</diagramColor>
<display>false</display>
<notation>1</notation>
<objectViews>
<OView class="oracle.dbtools.crest.swingui.logical.TVEntity" oid="01885755-B0B8-23CA-CFBE-66C4DB38FED8" otype="Entity" vid="CC3498B6-3838-CAD6-32CE-87295E579481">
<hideElementsInCurrentOnly>false</hideElementsInCurrentOnly>
<bounds x="13" y="227" width="235" height="103"/>
</OView>
<OView class="oracle.dbtools.crest.swingui.logical.TVEntity" oid="02E7C80A-33A6-5072-7177-BF729F12AA44" otype="Entity" vid="56023D06-35EB-4124-ED4E-1908D0EA35C5">
<hideElementsInCurrentOnly>false</hideElementsInCurrentOnly>
<bounds x="1159" y="185" width="180" height="105"/>
</OView>
<OView class="oracle.dbtools.crest.swingui.logical.TVEntity" oid="0952F480-6DDE-DB03-815E-86B0274B3D0F" otype="Entity" vid="73135C2E-5262-2901-A72F-2A891B9026D0">
<hideElementsInCurrentOnly>false</hideElementsInCurrentOnly>
<bounds x="1160" y="368" width="181" height="88"/>
</OView>
<OView class="oracle.dbtools.crest.swingui.logical.TVEntity" oid="16832D5D-131C-D015-DD3A-116BDE71B9EC" otype="Entity" vid="6FD2D5AC-2C52-45A9-108D-68BE78F024C7">
<hideElementsInCurrentOnly>false</hideElementsInCurrentOnly>
<bounds x="643" y="277" width="324" height="114"/>
</OView>
<OView class="oracle.dbtools.crest.swingui.logical.TVEntity" oid="1BDF81A6-7DB2-A05D-CA8F-526C6ECF905F" otype="Entity" vid="81DEA4B2-4A6E-EC56-9EE7-542B58FD7BD8">
<hideElementsInCurrentOnly>false</hideElementsInCurrentOnly>
<bounds x="664" y="521" width="174" height="88"/>
</OView>
<OView class="oracle.dbtools.crest.swingui.logical.TVEntity" oid="1F58D805-9E24-1D01-1DB0-246159D080FF" otype="Entity" vid="3874189C-5EA0-1528-3797-B2146CB0077C">
<hideElementsInCurrentOnly>false</hideElementsInCurrentOnly>
<bounds x="732" y="442" width="166" height="60"/>
</OView>
<OView class="oracle.dbtools.crest.swingui.logical.TVEntity" oid="4D368375-04B8-117F-A63F-8C28A8584A2B" otype="Entity" vid="B6C458C9-F49A-7D4D-E78F-05CABEAC15F5">
<hideElementsInCurrentOnly>false</hideElementsInCurrentOnly>
<bounds x="9" y="35" width="238" height="67"/>
</OView>
<OView class="oracle.dbtools.crest.swingui.logical.TVEntity" oid="53C90899-2971-B5A9-1716-149B6943ECB1" otype="Entity" vid="5EC68537-1B9C-99FF-725D-05B5A8201064">
<hideElementsInCurrentOnly>false</hideElementsInCurrentOnly>
<bounds x="11" y="591" width="232" height="105"/>
</OView>
<OView class="oracle.dbtools.crest.swingui.logical.TVEntity" oid="56C6DF0C-86ED-7447-B8FB-7507C6DBECAA" otype="Entity" vid="E3BF4473-C586-D24E-246F-7AD586DCBCB3">
<hideElementsInCurrentOnly>false</hideElementsInCurrentOnly>
<bounds x="329" y="715" width="178" height="78"/>
</OView>
<OView class="oracle.dbtools.crest.swingui.logical.TVEntity" oid="6AD1AAE0-15EF-1DF0-CB4C-E38F2816F9CD" otype="Entity" vid="F7B57C01-87F4-C36B-0ED0-F8F6B6067156">
<hideElementsInCurrentOnly>false</hideElementsInCurrentOnly>
<bounds x="326" y="260" width="147" height="129"/>
</OView>
<OView class="oracle.dbtools.crest.swingui.logical.TVEntity" oid="7DABB7F0-7D4A-840A-2BF4-E4D232C58D08" otype="Entity" vid="0881B273-4256-226F-C085-74E503A91AE9">
<hideElementsInCurrentOnly>false</hideElementsInCurrentOnly>
<bounds x="572" y="444" width="153" height="60"/>
</OView>
<OView class="oracle.dbtools.crest.swingui.logical.TVEntity" oid="8E585DCB-E31D-BF73-0B76-45CDF0E4D922" otype="Entity" vid="232590E0-4B57-BAB8-5638-DA7108EDD8C7">
<hideElementsInCurrentOnly>false</hideElementsInCurrentOnly>
<bounds x="407" y="22" width="327" height="194"/>
</OView>
<OView class="oracle.dbtools.crest.swingui.logical.TVEntity" oid="962F16CB-7F2F-4C9E-EFB0-926DF5A24949" otype="Entity" vid="A20FDFE5-16B5-8C3E-F93D-789D327DE066">
<hideElementsInCurrentOnly>false</hideElementsInCurrentOnly>
<bounds x="12" y="408" width="236" height="117"/>
</OView>
<OView class="oracle.dbtools.crest.swingui.logical.TVEntity" oid="B2E40229-E65F-ADC4-187F-175C23C7592E" otype="Entity" vid="11AB1CA6-264B-241A-5F6A-188E0318E541">
<hideElementsInCurrentOnly>false</hideElementsInCurrentOnly>
<bounds x="10" y="111" width="238" height="70"/>
</OView>
<OView class="oracle.dbtools.crest.swingui.logical.TVEntity" oid="BB1F2A17-1D01-04EF-A8F2-6ECBF423EB14" otype="Entity" vid="A70896EF-7DD2-7FE0-4640-9B308BACACE1">
<hideElementsInCurrentOnly>false</hideElementsInCurrentOnly>
<bounds x="281" y="448" width="266" height="194"/>
</OView>
<OView class="oracle.dbtools.crest.swingui.logical.TVEntity" oid="CF6174CA-7CDF-4184-AA79-751AC2A44320" otype="Entity" vid="256390D4-B370-BB4E-5972-F8C779A6196C">
<hideElementsInCurrentOnly>false</hideElementsInCurrentOnly>
<bounds x="911" y="436" width="187" height="74"/>
</OView>
<OView class="oracle.dbtools.crest.swingui.logical.TVEntity" oid="D59DFFAF-C30E-6E9D-2F99-6F3ED95434AF" otype="Entity" vid="461127DF-1E3D-FF80-9B12-ADAE458DE7E6">
<hideElementsInCurrentOnly>false</hideElementsInCurrentOnly>
<bounds x="813" y="20" width="288" height="223"/>
</OView>
<OView class="oracle.dbtools.crest.swingui.logical.TVEntity" oid="DB14A4FA-BB60-0AD2-936C-86D7E98B3D67" otype="Entity" vid="7DCF22C5-C38B-AAC2-1D6D-41BDA5E93770">
<hideElementsInCurrentOnly>false</hideElementsInCurrentOnly>
<bounds x="1156" y="20" width="182" height="74"/>
</OView>
<OView class="oracle.dbtools.crest.swingui.logical.TVEntity" oid="EB70B7A0-873B-7128-E669-BE20A722434A" otype="Entity" vid="2F5484EF-1B5A-C9E6-2D61-C4F05CD9EEDA">
<hideElementsInCurrentOnly>false</hideElementsInCurrentOnly>
<bounds x="141" y="713" width="182" height="75"/>
</OView>
<OView class="oracle.dbtools.crest.swingui.logical.TVEntity" oid="EE4F514C-73C6-B288-3A67-7599153AA1CC" otype="Entity" vid="55D56F23-A4B2-EF0B-B3B6-66E45CDBC0F4">
<hideElementsInCurrentOnly>false</hideElementsInCurrentOnly>
<bounds x="1158" y="102" width="182" height="74"/>
</OView>
</objectViews>
<connectors>
<Connector class="oracle.dbtools.crest.swingui.logical.TVRelation" oid="00E0ED2A-9E5D-41E2-9D7C-4E0B3CAF6247" otype="Relation" vid_source="232590E0-4B57-BAB8-5638-DA7108EDD8C7" vid_target="CC3498B6-3838-CAD6-32CE-87295E579481">
<hideElementsInCurrentOnly>false</hideElementsInCurrentOnly>
<backgroundColor>-16777216</backgroundColor>
<lineWidth>1</lineWidth>
<points>
<point x="407" y="178"/>
<point x="248" y="235"/>
</points>
</Connector>
<Connector class="oracle.dbtools.crest.swingui.logical.TVRelation" oid="01CD3BF7-D8E5-9593-7EA9-320D5634EA6C" otype="Relation" vid_source="232590E0-4B57-BAB8-5638-DA7108EDD8C7" vid_target="F7B57C01-87F4-C36B-0ED0-F8F6B6067156">
<hideElementsInCurrentOnly>false</hideElementsInCurrentOnly>
<backgroundColor>-16777216</backgroundColor>
<lineWidth>1</lineWidth>
<points>
<point x="455" y="216"/>
<point x="455" y="260"/>
</points>
</Connector>
<Connector class="oracle.dbtools.crest.swingui.logical.TVRelation" oid="041B26AE-B563-A457-600A-18265A870371" otype="Relation" vid_source="7DCF22C5-C38B-AAC2-1D6D-41BDA5E93770" vid_target="461127DF-1E3D-FF80-9B12-ADAE458DE7E6">
<hideElementsInCurrentOnly>false</hideElementsInCurrentOnly>
<backgroundColor>-16777216</backgroundColor>
<lineWidth>1</lineWidth>
<points>
<point x="1156" y="72"/>
<point x="1101" y="72"/>
</points>
</Connector>
<Connector class="oracle.dbtools.crest.swingui.logical.TVRelation" oid="0806B8AC-D682-5734-38EB-95F83357348A" otype="Relation" vid_source="B6C458C9-F49A-7D4D-E78F-05CABEAC15F5" vid_target="232590E0-4B57-BAB8-5638-DA7108EDD8C7">
<hideElementsInCurrentOnly>false</hideElementsInCurrentOnly>
<backgroundColor>-16777216</backgroundColor>
<lineWidth>1</lineWidth>
<points>
<point x="247" y="68"/>
<point x="407" y="68"/>
</points>
</Connector>
<Connector class="oracle.dbtools.crest.swingui.logical.TVRelation" oid="2259A0D5-12BE-D61C-BB00-065988722C0B" otype="Relation" vid_source="A70896EF-7DD2-7FE0-4640-9B308BACACE1" vid_target="232590E0-4B57-BAB8-5638-DA7108EDD8C7">
<hideElementsInCurrentOnly>false</hideElementsInCurrentOnly>
<backgroundColor>-16777216</backgroundColor>
<lineWidth>1</lineWidth>
<points>
<point x="492" y="448"/>
<point x="492" y="216"/>
</points>
</Connector>
<Connector class="oracle.dbtools.crest.swingui.logical.TVRelation" oid="266334A6-4CC2-616D-3F48-171FA50C4C87" otype="Relation" vid_source="461127DF-1E3D-FF80-9B12-ADAE458DE7E6" vid_target="232590E0-4B57-BAB8-5638-DA7108EDD8C7">
<hideElementsInCurrentOnly>false</hideElementsInCurrentOnly>
<backgroundColor>-16777216</backgroundColor>
<lineWidth>1</lineWidth>
<points>
<point x="813" y="119"/>
<point x="734" y="119"/>
</points>
</Connector>
<Connector class="oracle.dbtools.crest.swingui.logical.TVInheritanceRelation" oid="27F6E793-F474-F28E-6E35-0F23550EF68C" otype="Hierarchy relation" vid_source="6FD2D5AC-2C52-45A9-108D-68BE78F024C7" vid_target="0881B273-4256-226F-C085-74E503A91AE9">
<hideElementsInCurrentOnly>false</hideElementsInCurrentOnly>
<backgroundColor>-65536</backgroundColor>
<lineWidth>1</lineWidth>
<points>
<point x="684" y="391"/>
<point x="684" y="444"/>
</points>
</Connector>
<Connector class="oracle.dbtools.crest.swingui.logical.TVRelation" oid="4F9E74E7-9FB0-4159-F884-24D2778D00CA" otype="Relation" vid_source="F7B57C01-87F4-C36B-0ED0-F8F6B6067156" vid_target="A70896EF-7DD2-7FE0-4640-9B308BACACE1">
<hideElementsInCurrentOnly>false</hideElementsInCurrentOnly>
<backgroundColor>-16777216</backgroundColor>
<lineWidth>1</lineWidth>
<points>
<point x="399" y="389"/>
<point x="399" y="448"/>
</points>
</Connector>
<Connector class="oracle.dbtools.crest.swingui.logical.TVRelation" oid="616578BA-5E36-5D8A-D197-2460B58CB606" otype="Relation" vid_source="CC3498B6-3838-CAD6-32CE-87295E579481" vid_target="A20FDFE5-16B5-8C3E-F93D-789D327DE066">
<hideElementsInCurrentOnly>false</hideElementsInCurrentOnly>
<backgroundColor>-16777216</backgroundColor>
<lineWidth>1</lineWidth>
<points>
<point x="130" y="330"/>
<point x="130" y="408"/>
</points>
</Connector>
<Connector class="oracle.dbtools.crest.swingui.logical.TVRelation" oid="62B22CC2-E826-95EB-5B36-40A93D298829" otype="Relation" vid_source="A20FDFE5-16B5-8C3E-F93D-789D327DE066" vid_target="5EC68537-1B9C-99FF-725D-05B5A8201064">
<hideElementsInCurrentOnly>false</hideElementsInCurrentOnly>
<backgroundColor>-16777216</backgroundColor>
<lineWidth>1</lineWidth>
<points>
<point x="127" y="525"/>
<point x="127" y="591"/>
</points>
</Connector>
<Connector class="oracle.dbtools.crest.swingui.logical.TVInheritanceRelation" oid="6592765E-0816-6CEE-960A-6C3230749F61" otype="Hierarchy relation" vid_source="6FD2D5AC-2C52-45A9-108D-68BE78F024C7" vid_target="3874189C-5EA0-1528-3797-B2146CB0077C">
<hideElementsInCurrentOnly>false</hideElementsInCurrentOnly>
<backgroundColor>-65536</backgroundColor>
<lineWidth>1</lineWidth>
<points>
<point x="815" y="391"/>
<point x="815" y="442"/>
</points>
</Connector>
<Connector class="oracle.dbtools.crest.swingui.logical.TVInheritanceRelation" oid="6A10BAA2-C7AE-4C67-3D3E-D9A0663AF955" otype="Hierarchy relation" vid_source="6FD2D5AC-2C52-45A9-108D-68BE78F024C7" vid_target="256390D4-B370-BB4E-5972-F8C779A6196C">
<hideElementsInCurrentOnly>false</hideElementsInCurrentOnly>
<backgroundColor>-65536</backgroundColor>
<lineWidth>1</lineWidth>
<points>
<point x="939" y="391"/>
<point x="939" y="436"/>
</points>
</Connector>
<Connector class="oracle.dbtools.crest.swingui.logical.TVRelation" oid="7B10B713-E438-AC0C-90E7-D6EABC1A47CD" otype="Relation" vid_source="CC3498B6-3838-CAD6-32CE-87295E579481" vid_target="F7B57C01-87F4-C36B-0ED0-F8F6B6067156">
<hideElementsInCurrentOnly>false</hideElementsInCurrentOnly>
<backgroundColor>-16777216</backgroundColor>
<lineWidth>1</lineWidth>
<points>
<point x="248" y="295"/>
<point x="326" y="295"/>
</points>
</Connector>
<Connector class="oracle.dbtools.crest.swingui.logical.TVRelation" oid="82D17975-27B3-B574-8B64-B49FAF7E5A98" otype="Relation" vid_source="A70896EF-7DD2-7FE0-4640-9B308BACACE1" vid_target="A70896EF-7DD2-7FE0-4640-9B308BACACE1">
<hideElementsInCurrentOnly>false</hideElementsInCurrentOnly>
<backgroundColor>-16777216</backgroundColor>
<lineWidth>1</lineWidth>
<points>
<point x="547" y="562"/>
<point x="597" y="562"/>
<point x="597" y="692"/>
<point x="437" y="692"/>
<point x="437" y="642"/>
</points>
</Connector>
<Connector class="oracle.dbtools.crest.swingui.logical.TVRelation" oid="8D1562F4-799E-AC3B-90EA-8484D2F764FD" otype="Relation" vid_source="55D56F23-A4B2-EF0B-B3B6-66E45CDBC0F4" vid_target="461127DF-1E3D-FF80-9B12-ADAE458DE7E6">
<hideElementsInCurrentOnly>false</hideElementsInCurrentOnly>
<backgroundColor>-16777216</backgroundColor>
<lineWidth>1</lineWidth>
<points>
<point x="1158" y="139"/>
<point x="1101" y="139"/>
</points>
</Connector>
<Connector class="oracle.dbtools.crest.swingui.logical.TVRelation" oid="8E93DFE9-C40D-1498-2AB4-0922F402FDC5" otype="Relation" vid_source="A70896EF-7DD2-7FE0-4640-9B308BACACE1" vid_target="CC3498B6-3838-CAD6-32CE-87295E579481">
<hideElementsInCurrentOnly>false</hideElementsInCurrentOnly>
<backgroundColor>-16777216</backgroundColor>
<lineWidth>1</lineWidth>
<points>
<point x="310" y="448"/>
<point x="185" y="330"/>
</points>
</Connector>
<Connector class="oracle.dbtools.crest.swingui.logical.TVRelation" oid="9DEA10B1-CA34-A01D-A36E-BD6B08581D89" otype="Relation" vid_source="2F5484EF-1B5A-C9E6-2D61-C4F05CD9EEDA" vid_target="A70896EF-7DD2-7FE0-4640-9B308BACACE1">
<hideElementsInCurrentOnly>false</hideElementsInCurrentOnly>
<backgroundColor>-16777216</backgroundColor>
<lineWidth>1</lineWidth>
<points>
<point x="302" y="713"/>
<point x="302" y="642"/>
</points>
</Connector>
<Connector class="oracle.dbtools.crest.swingui.logical.TVRelation" oid="A1E9E600-45F1-6A50-05E2-C592ED0A50BD" otype="Relation" vid_source="56023D06-35EB-4124-ED4E-1908D0EA35C5" vid_target="461127DF-1E3D-FF80-9B12-ADAE458DE7E6">
<hideElementsInCurrentOnly>false</hideElementsInCurrentOnly>
<backgroundColor>-16777216</backgroundColor>
<lineWidth>1</lineWidth>
<points>
<point x="1159" y="214"/>
<point x="1101" y="214"/>
</points>
</Connector>
<Connector class="oracle.dbtools.crest.swingui.logical.TVRelation" oid="A3593679-AE63-C686-C863-2BE8BD8C55F4" otype="Relation" vid_source="A70896EF-7DD2-7FE0-4640-9B308BACACE1" vid_target="81DEA4B2-4A6E-EC56-9EE7-542B58FD7BD8">
<hideElementsInCurrentOnly>false</hideElementsInCurrentOnly>
<backgroundColor>-16777216</backgroundColor>
<lineWidth>1</lineWidth>
<points>
<point x="547" y="550"/>
<point x="664" y="550"/>
</points>
</Connector>
<Connector class="oracle.dbtools.crest.swingui.logical.TVRelation" oid="A92B261E-32EA-D99F-F5D9-31516E3A8EB5" otype="Relation" vid_source="73135C2E-5262-2901-A72F-2A891B9026D0" vid_target="56023D06-35EB-4124-ED4E-1908D0EA35C5">
<hideElementsInCurrentOnly>false</hideElementsInCurrentOnly>
<backgroundColor>-16777216</backgroundColor>
<lineWidth>1</lineWidth>
<points>
<point x="1249" y="368"/>
<point x="1249" y="290"/>
</points>
</Connector>
<Connector class="oracle.dbtools.crest.swingui.logical.TVRelation" oid="DA2CD7CD-5E22-CFAD-EC02-A61E7842C7F1" otype="Relation" vid_source="11AB1CA6-264B-241A-5F6A-188E0318E541" vid_target="232590E0-4B57-BAB8-5638-DA7108EDD8C7">
<hideElementsInCurrentOnly>false</hideElementsInCurrentOnly>
<backgroundColor>-16777216</backgroundColor>
<lineWidth>1</lineWidth>
<points>
<point x="248" y="146"/>
<point x="407" y="146"/>
</points>
</Connector>
<Connector class="oracle.dbtools.crest.swingui.logical.TVRelation" oid="DB2053F5-1892-E8AC-AEB0-8F6C80685AF7" otype="Relation" vid_source="232590E0-4B57-BAB8-5638-DA7108EDD8C7" vid_target="6FD2D5AC-2C52-45A9-108D-68BE78F024C7">
<hideElementsInCurrentOnly>false</hideElementsInCurrentOnly>
<backgroundColor>-16777216</backgroundColor>
<lineWidth>1</lineWidth>
<points>
<point x="688" y="216"/>
<point x="688" y="277"/>
</points>
</Connector>
<Connector class="oracle.dbtools.crest.swingui.logical.TVRelation" oid="F870F280-F149-B454-B2E0-56AFD7780AA7" otype="Relation" vid_source="E3BF4473-C586-D24E-246F-7AD586DCBCB3" vid_target="A70896EF-7DD2-7FE0-4640-9B308BACACE1">
<hideElementsInCurrentOnly>false</hideElementsInCurrentOnly>
<backgroundColor>-16777216</backgroundColor>
<lineWidth>1</lineWidth>
<points>
<point x="418" y="715"/>
<point x="418" y="642"/>
</points>
</Connector>
</connectors>
<arcs>
<Arc class="oracle.dbtools.crest.swingui.logical.TVArc" oid="0358A777-D4F9-12EF-263E-BB9C94BA3B0D" otype="Arc" vid="376F0BE0-34D4-42FB-9BA1-178F2B974071">
<hideElementsInCurrentOnly>false</hideElementsInCurrentOnly>
<bounds x="623" y="257" width="364" height="154"/>
</Arc>
</arcs>
</Diagram>
