<?xml version = '1.0' encoding = 'UTF-8'?>
<Diagram class="oracle.dbtools.crest.swingui.logical.DPVLogical" name="Logical" id="B9CE5DC1-EC4E-ECC1-1159-7FA0BF10BBDD">
<createdBy>Katherine</createdBy>
<modifiedBy>Katherine</modifiedBy>
<createdTime>2025-09-01 18:01:05 UTC</createdTime>
<autoRoute>false</autoRoute>
<boxInbox>false</boxInbox>
<showLegend>false</showLegend>
<showLabels>false</showLabels>
<showRelAttributes>false</showRelAttributes>
<gridEnabled>false</gridEnabled>
<showGrid>false</showGrid>
<diagramColor>-1</diagramColor>
<display>false</display>
<notation>2</notation>
<objectViews>
<OView class="oracle.dbtools.crest.swingui.logical.TVEntity" oid="19B51278-2AD8-A89E-C928-89A440D9F4AD" otype="Entity" vid="A41B4C22-52E6-EF6D-60DD-A576D829BDD8">
<hideElementsInCurrentOnly>false</hideElementsInCurrentOnly>
<bounds x="625" y="367" width="196" height="102"/>
</OView>
<OView class="oracle.dbtools.crest.swingui.logical.TVEntity" oid="2930918D-112D-75BE-D2FD-8342C537E800" otype="Entity" vid="933970A7-00CF-714C-CA11-F10721AB0E7C">
<hideElementsInCurrentOnly>false</hideElementsInCurrentOnly>
<bounds x="209" y="274" width="203" height="51"/>
</OView>
<OView class="oracle.dbtools.crest.swingui.logical.TVEntity" oid="2FB8C3FB-C989-C8E6-33D2-265E8F8EC18C" otype="Entity" vid="A34A84A0-6AC8-3AF5-EFFA-B28CFC859AD9">
<hideElementsInCurrentOnly>false</hideElementsInCurrentOnly>
<bounds x="34" y="48" width="202" height="74"/>
</OView>
<OView class="oracle.dbtools.crest.swingui.logical.TVEntity" oid="50423770-594B-A54F-3F19-2B3C72F15332" otype="Entity" vid="0AF2A040-94F2-FA8A-5008-F73238367457">
<hideElementsInCurrentOnly>false</hideElementsInCurrentOnly>
<bounds x="504" y="292" width="201" height="40"/>
</OView>
<OView class="oracle.dbtools.crest.swingui.logical.TVEntity" oid="5306E75F-AE5E-76FC-EF3B-7DC6B8C94B93" otype="Entity" vid="245231CE-3866-6FDE-FC29-A060AF56B78E">
<hideElementsInCurrentOnly>false</hideElementsInCurrentOnly>
<bounds x="690" y="149" width="196" height="42"/>
</OView>
<OView class="oracle.dbtools.crest.swingui.logical.TVEntity" oid="6745D5BA-DA8C-BD2A-DB91-E07C42DEDC8A" otype="Entity" vid="0D140DD7-2E59-D682-ECB8-D9DAD82AA54F">
<hideElementsInCurrentOnly>false</hideElementsInCurrentOnly>
<bounds x="599" y="234" width="130" height="40"/>
</OView>
<OView class="oracle.dbtools.crest.swingui.logical.TVEntity" oid="91886B07-89D5-EB5E-7387-A31CCF643EEF" otype="Entity" vid="4C93BAA5-F1CC-9D20-75E1-310251DCB6ED">
<hideElementsInCurrentOnly>false</hideElementsInCurrentOnly>
<bounds x="37" y="353" width="208" height="88"/>
</OView>
<OView class="oracle.dbtools.crest.swingui.logical.TVEntity" oid="9C32B4C3-9152-724E-4A87-09A248CF73ED" otype="Entity" vid="07FB159C-1F93-68EF-B1A5-2190760F9588">
<hideElementsInCurrentOnly>false</hideElementsInCurrentOnly>
<bounds x="479" y="156" width="171" height="40"/>
</OView>
<OView class="oracle.dbtools.crest.swingui.logical.TVEntity" oid="A8085F90-4057-BA5E-0DCB-4C3F834F4E85" otype="Entity" vid="6CF57254-B35A-3A12-771A-9F74E3780F2D">
<hideElementsInCurrentOnly>false</hideElementsInCurrentOnly>
<bounds x="262" y="145" width="209" height="68"/>
</OView>
<OView class="oracle.dbtools.crest.swingui.logical.TVEntity" oid="B73C7E8D-B02C-B0DA-FC59-B054795F5C85" otype="Entity" vid="FF12CF87-A2CC-C95E-BE1E-93DD5F9DD636">
<hideElementsInCurrentOnly>false</hideElementsInCurrentOnly>
<bounds x="33" y="156" width="212" height="102"/>
</OView>
<OView class="oracle.dbtools.crest.swingui.logical.TVEntity" oid="BEABF02D-6DCD-5BFD-6BA6-C73B6120FD4A" otype="Entity" vid="AC8765F0-5F3D-FD9E-BA7E-0C919CB35842">
<hideElementsInCurrentOnly>false</hideElementsInCurrentOnly>
<bounds x="332" y="367" width="214" height="110"/>
</OView>
<OView class="oracle.dbtools.crest.swingui.logical.TVEntity" oid="EF7A783D-14A6-7F11-A81E-51BB2AE11E07" otype="Entity" vid="44838DD2-B896-330C-DB44-9D967E4EE869">
<hideElementsInCurrentOnly>false</hideElementsInCurrentOnly>
<bounds x="385" y="237" width="100" height="37"/>
</OView>
<OView class="oracle.dbtools.crest.swingui.logical.TVEntity" oid="F9D6E823-BD44-14A3-B1F6-A13A69B3DCB1" otype="Entity" vid="D706A06A-BE0F-1356-C2EB-FCDFAB240AE7">
<hideElementsInCurrentOnly>false</hideElementsInCurrentOnly>
<bounds x="410" y="11" width="235" height="102"/>
</OView>
</objectViews>
<connectors>
<Connector class="oracle.dbtools.crest.swingui.logical.TVInheritanceRelation" oid="0B406350-AEC3-9571-C283-D4ACC27B1F4B" otype="Hierarchy relation" vid_source="6CF57254-B35A-3A12-771A-9F74E3780F2D" vid_target="44838DD2-B896-330C-DB44-9D967E4EE869">
<hideElementsInCurrentOnly>false</hideElementsInCurrentOnly>
<backgroundColor>-65536</backgroundColor>
<lineWidth>1</lineWidth>
<points>
<point x="428" y="213"/>
<point x="428" y="237"/>
</points>
</Connector>
<Connector class="oracle.dbtools.crest.swingui.logical.TVRelation" oid="0FAB2043-74ED-8E02-6E27-86EE0A44C2D9" otype="Relation" vid_source="07FB159C-1F93-68EF-B1A5-2190760F9588" vid_target="AC8765F0-5F3D-FD9E-BA7E-0C919CB35842">
<hideElementsInCurrentOnly>false</hideElementsInCurrentOnly>
<backgroundColor>-16777216</backgroundColor>
<lineWidth>1</lineWidth>
<points>
<point x="497" y="196"/>
<point x="497" y="367"/>
</points>
</Connector>
<Connector class="oracle.dbtools.crest.swingui.logical.TVRelation" oid="320A27E0-CBA9-10CC-BAB1-84D1ABC27E31" otype="Relation" vid_source="FF12CF87-A2CC-C95E-BE1E-93DD5F9DD636" vid_target="6CF57254-B35A-3A12-771A-9F74E3780F2D">
<hideElementsInCurrentOnly>false</hideElementsInCurrentOnly>
<backgroundColor>-16777216</backgroundColor>
<lineWidth>1</lineWidth>
<points>
<point x="245" y="184"/>
<point x="262" y="184"/>
</points>
</Connector>
<Connector class="oracle.dbtools.crest.swingui.logical.TVRelation" oid="5B5441A9-3994-F676-B047-51ACAC2A3447" otype="Relation" vid_source="A34A84A0-6AC8-3AF5-EFFA-B28CFC859AD9" vid_target="FF12CF87-A2CC-C95E-BE1E-93DD5F9DD636">
<hideElementsInCurrentOnly>false</hideElementsInCurrentOnly>
<backgroundColor>-16777216</backgroundColor>
<lineWidth>1</lineWidth>
<points>
<point x="135" y="122"/>
<point x="135" y="156"/>
</points>
</Connector>
<Connector class="oracle.dbtools.crest.swingui.logical.TVRelation" oid="731EEB37-43F9-26B9-1B3C-F135D6DB6211" otype="Relation" vid_source="A41B4C22-52E6-EF6D-60DD-A576D829BDD8" vid_target="AC8765F0-5F3D-FD9E-BA7E-0C919CB35842">
<hideElementsInCurrentOnly>false</hideElementsInCurrentOnly>
<backgroundColor>-16777216</backgroundColor>
<lineWidth>1</lineWidth>
<points>
<point x="625" y="418"/>
<point x="546" y="418"/>
</points>
</Connector>
<Connector class="oracle.dbtools.crest.swingui.logical.TVInheritanceRelation" oid="7A8B6707-168C-9040-1924-79481189EB44" otype="Hierarchy relation" vid_source="D706A06A-BE0F-1356-C2EB-FCDFAB240AE7" vid_target="245231CE-3866-6FDE-FC29-A060AF56B78E">
<hideElementsInCurrentOnly>false</hideElementsInCurrentOnly>
<backgroundColor>-65536</backgroundColor>
<lineWidth>1</lineWidth>
<points>
<point x="615" y="113"/>
<point x="733" y="149"/>
</points>
</Connector>
<Connector class="oracle.dbtools.crest.swingui.logical.TVRelation" oid="7BD522EA-5D5D-5CBD-D8D4-51A051891FA9" otype="Relation" vid_source="FF12CF87-A2CC-C95E-BE1E-93DD5F9DD636" vid_target="4C93BAA5-F1CC-9D20-75E1-310251DCB6ED">
<hideElementsInCurrentOnly>false</hideElementsInCurrentOnly>
<backgroundColor>-16777216</backgroundColor>
<lineWidth>1</lineWidth>
<points>
<point x="141" y="258"/>
<point x="141" y="353"/>
</points>
</Connector>
<Connector class="oracle.dbtools.crest.swingui.logical.TVRelation" oid="805D8500-10F6-7C6D-85BC-BFA51EBC113B" otype="Relation" vid_source="933970A7-00CF-714C-CA11-F10721AB0E7C" vid_target="933970A7-00CF-714C-CA11-F10721AB0E7C">
<hideElementsInCurrentOnly>false</hideElementsInCurrentOnly>
<backgroundColor>-16777216</backgroundColor>
<lineWidth>1</lineWidth>
<points>
<point x="329" y="302"/>
<point x="329" y="300"/>
<point x="330" y="363"/>
<point x="271" y="363"/>
<point x="271" y="325"/>
</points>
</Connector>
<Connector class="oracle.dbtools.crest.swingui.logical.TVRelation" oid="A040FFEE-E801-032C-B5DF-BB4E29C04ACA" otype="Relation" vid_source="245231CE-3866-6FDE-FC29-A060AF56B78E" vid_target="A41B4C22-52E6-EF6D-60DD-A576D829BDD8">
<hideElementsInCurrentOnly>false</hideElementsInCurrentOnly>
<backgroundColor>-16777216</backgroundColor>
<lineWidth>1</lineWidth>
<points>
<point x="755" y="191"/>
<point x="755" y="367"/>
</points>
</Connector>
<Connector class="oracle.dbtools.crest.swingui.logical.TVInheritanceRelation" oid="A740DDF5-D74E-F1D8-1446-68FBDF03F1E7" otype="Hierarchy relation" vid_source="07FB159C-1F93-68EF-B1A5-2190760F9588" vid_target="0AF2A040-94F2-FA8A-5008-F73238367457">
<hideElementsInCurrentOnly>false</hideElementsInCurrentOnly>
<backgroundColor>-65536</backgroundColor>
<lineWidth>1</lineWidth>
<points>
<point x="592" y="196"/>
<point x="592" y="292"/>
</points>
</Connector>
<Connector class="oracle.dbtools.crest.swingui.logical.TVRelation" oid="A892C3C9-16E4-9265-4B1C-7C5363CE9727" otype="Relation" vid_source="4C93BAA5-F1CC-9D20-75E1-310251DCB6ED" vid_target="AC8765F0-5F3D-FD9E-BA7E-0C919CB35842">
<hideElementsInCurrentOnly>false</hideElementsInCurrentOnly>
<backgroundColor>-16777216</backgroundColor>
<lineWidth>1</lineWidth>
<points>
<point x="245" y="404"/>
<point x="332" y="404"/>
</points>
</Connector>
<Connector class="oracle.dbtools.crest.swingui.logical.TVInheritanceRelation" oid="BCB3AB60-7562-85E0-00F0-FE425439E84A" otype="Hierarchy relation" vid_source="D706A06A-BE0F-1356-C2EB-FCDFAB240AE7" vid_target="6CF57254-B35A-3A12-771A-9F74E3780F2D">
<hideElementsInCurrentOnly>false</hideElementsInCurrentOnly>
<backgroundColor>-65536</backgroundColor>
<lineWidth>1</lineWidth>
<points>
<point x="455" y="113"/>
<point x="455" y="145"/>
</points>
</Connector>
<Connector class="oracle.dbtools.crest.swingui.logical.TVInheritanceRelation" oid="C057EC5C-8CFC-D833-2BE8-185024B05B08" otype="Hierarchy relation" vid_source="D706A06A-BE0F-1356-C2EB-FCDFAB240AE7" vid_target="07FB159C-1F93-68EF-B1A5-2190760F9588">
<hideElementsInCurrentOnly>false</hideElementsInCurrentOnly>
<backgroundColor>-65536</backgroundColor>
<lineWidth>1</lineWidth>
<points>
<point x="562" y="113"/>
<point x="562" y="156"/>
</points>
</Connector>
<Connector class="oracle.dbtools.crest.swingui.logical.TVInheritanceRelation" oid="C2E03807-B0B8-22BD-144E-ED18B811ED76" otype="Hierarchy relation" vid_source="07FB159C-1F93-68EF-B1A5-2190760F9588" vid_target="0D140DD7-2E59-D682-ECB8-D9DAD82AA54F">
<hideElementsInCurrentOnly>false</hideElementsInCurrentOnly>
<backgroundColor>-65536</backgroundColor>
<lineWidth>1</lineWidth>
<points>
<point x="624" y="196"/>
<point x="624" y="234"/>
</points>
</Connector>
<Connector class="oracle.dbtools.crest.swingui.logical.TVInheritanceRelation" oid="E93BE9DC-60A8-1DA7-2EB4-7BBA65DBCCE9" otype="Hierarchy relation" vid_source="6CF57254-B35A-3A12-771A-9F74E3780F2D" vid_target="933970A7-00CF-714C-CA11-F10721AB0E7C">
<hideElementsInCurrentOnly>false</hideElementsInCurrentOnly>
<backgroundColor>-65536</backgroundColor>
<lineWidth>1</lineWidth>
<points>
<point x="337" y="213"/>
<point x="337" y="274"/>
</points>
</Connector>
</connectors>
<arcs>
<Arc class="oracle.dbtools.crest.swingui.logical.TVArc" oid="07C61E26-7114-84A0-9418-D61B268FABB9" otype="Arc" vid="A2BC9D52-64C9-45F1-B8F9-961C20E39BB5">
<hideElementsInCurrentOnly>false</hideElementsInCurrentOnly>
<bounds x="459" y="136" width="211" height="80"/>
</Arc>
<Arc class="oracle.dbtools.crest.swingui.logical.TVArc" oid="1057571B-414F-22D3-7698-426D3F4D0217" otype="Arc" vid="E43D2DB0-1E0A-E874-80EE-657253C87542">
<hideElementsInCurrentOnly>false</hideElementsInCurrentOnly>
<bounds x="242" y="125" width="249" height="108"/>
</Arc>
<Arc class="oracle.dbtools.crest.swingui.logical.TVArc" oid="E63FD58F-7A40-11F3-6197-0DE6D0D2E6AD" otype="Arc" vid="30587497-0E22-3FFA-D737-CE5C5FEEAE1E">
<hideElementsInCurrentOnly>false</hideElementsInCurrentOnly>
<bounds x="390" y="-9" width="275" height="142"/>
</Arc>
</arcs>
</Diagram>